etapa,k,tipo,padre,historia,estado_rama,prob_condicional,prob_acumulada
1,1,inversion,,raíz,,1.0,1.0
2,1,inversion,1,AAA,AAA,0.484375,0.484375
2,2,inversion,1,AAB,AAB,0.09375,0.09375
2,3,inversion,1,ABA,ABA,0.046875,0.046875
2,4,inversion,1,ABB,ABB,0.171875,0.171875
2,5,inversion,1,BAA,BAA,0.046875,0.046875
2,6,inversion,1,BAB,BAB,0.046875,0.046875
2,7,inversion,1,BBA,BBA,0.0625,0.0625
2,8,inversion,1,BBB,BBB,0.046875,0.046875
3,1,inversion,1,AAA-AAA,AAA,0.484375,0.234619140625
3,2,inversion,1,AAA-AAB,AAB,0.09375,0.04541015625
3,3,inversion,1,AAA-ABA,ABA,0.046875,0.022705078125
3,4,inversion,1,AAA-ABB,ABB,0.171875,0.083251953125
3,5,inversion,1,AAA-BAA,BAA,0.046875,0.022705078125
3,6,inversion,1,AAA-BAB,BAB,0.046875,0.022705078125
3,7,inversion,1,AAA-BBA,BBA,0.0625,0.0302734375
3,8,inversion,1,AAA-BBB,BBB,0.046875,0.022705078125
3,9,inversion,2,AAB-AAA,AAA,0.484375,0.04541015625
3,10,inversion,2,AAB-AAB,AAB,0.09375,0.0087890625
3,11,inversion,2,AAB-ABA,ABA,0.046875,0.00439453125
3,12,inversion,2,AAB-ABB,ABB,0.171875,0.01611328125
3,13,inversion,2,AAB-BAA,BAA,0.046875,0.00439453125
3,14,inversion,2,AAB-BAB,BAB,0.046875,0.00439453125
3,15,inversion,2,AAB-BBA,BBA,0.0625,0.005859375
3,16,inversion,2,AAB-BBB,BBB,0.046875,0.00439453125
3,17,inversion,3,ABA-AAA,AAA,0.484375,0.022705078125
3,18,inversion,3,ABA-AAB,AAB,0.09375,0.00439453125
3,19,inversion,3,ABA-ABA,ABA,0.046875,0.002197265625
3,20,inversion,3,ABA-ABB,ABB,0.171875,0.008056640625
3,21,inversion,3,ABA-BAA,BAA,0.046875,0.002197265625
3,22,inversion,3,ABA-BAB,BAB,0.046875,0.002197265625
3,23,inversion,3,ABA-BBA,BBA,0.0625,0.0029296875
3,24,inversion,3,ABA-BBB,BBB,0.046875,0.002197265625
3,25,inversion,4,ABB-AAA,AAA,0.484375,0.083251953125
3,26,inversion,4,ABB-AAB,AAB,0.09375,0.01611328125
3,27,inversion,4,ABB-ABA,ABA,0.046875,0.008056640625
3,28,inversion,4,ABB-ABB,ABB,0.171875,0.029541015625
3,29,inversion,4,ABB-BAA,BAA,0.046875,0.008056640625
3,30,inversion,4,ABB-BAB,BAB,0.046875,0.008056640625
3,31,inversion,4,ABB-BBA,BBA,0.0625,0.0107421875
3,32,inversion,4,ABB-BBB,BBB,0.046875,0.008056640625
3,33,inversion,5,BAA-AAA,AAA,0.484375,0.022705078125
3,34,inversion,5,BAA-AAB,AAB,0.09375,0.00439453125
3,35,inversion,5,BAA-ABA,ABA,0.046875,0.002197265625
3,36,inversion,5,BAA-ABB,ABB,0.171875,0.008056640625
3,37,inversion,5,BAA-BAA,BAA,0.046875,0.002197265625
3,38,inversion,5,BAA-BAB,BAB,0.046875,0.002197265625
3,39,inversion,5,BAA-BBA,BBA,0.0625,0.0029296875
3,40,inversion,5,BAA-BBB,BBB,0.046875,0.002197265625
3,41,inversion,6,BAB-AAA,AAA,0.484375,0.022705078125
3,42,inversion,6,BAB-AAB,AAB,0.09375,0.00439453125
3,43,inversion,6,BAB-ABA,ABA,0.046875,0.002197265625
3,44,inversion,6,BAB-ABB,ABB,0.171875,0.008056640625
3,45,inversion,6,BAB-BAA,BAA,0.046875,0.002197265625
3,46,inversion,6,BAB-BAB,BAB,0.046875,0.002197265625
3,47,inversion,6,BAB-BBA,BBA,0.0625,0.0029296875
3,48,inversion,6,BAB-BBB,BBB,0.046875,0.002197265625
3,49,inversion,7,BBA-AAA,AAA,0.484375,0.0302734375
3,50,inversion,7,BBA-AAB,AAB,0.09375,0.005859375
3,51,inversion,7,BBA-ABA,ABA,0.046875,0.0029296875
3,52,inversion,7,BBA-ABB,ABB,0.171875,0.0107421875
3,53,inversion,7,BBA-BAA,BAA,0.046875,0.0029296875
3,54,inversion,7,BBA-BAB,BAB,0.046875,0.0029296875
3,55,inversion,7,BBA-BBA,BBA,0.0625,0.00390625
3,56,inversion,7,BBA-BBB,BBB,0.046875,0.0029296875
3,57,inversion,8,BBB-AAA,AAA,0.484375,0.022705078125
3,58,inversion,8,BBB-AAB,AAB,0.09375,0.00439453125
3,59,inversion,8,BBB-ABA,ABA,0.046875,0.002197265625
3,60,inversion,8,BBB-ABB,ABB,0.171875,0.008056640625
3,61,inversion,8,BBB-BAA,BAA,0.046875,0.002197265625
3,62,inversion,8,BBB-BAB,BAB,0.046875,0.002197265625
3,63,inversion,8,BBB-BBA,BBA,0.0625,0.0029296875
3,64,inversion,8,BBB-BBB,BBB,0.046875,0.002197265625
4,1,hoja,1,AAA-AAA-AAA,AAA,0.484375,0.11364364624023438
4,2,hoja,1,AAA-AAA-AAB,AAB,0.09375,0.02199554443359375
4,3,hoja,1,AAA-AAA-ABA,ABA,0.046875,0.010997772216796875
4,4,hoja,1,AAA-AAA-ABB,ABB,0.171875,0.040325164794921875
4,5,hoja,1,AAA-AAA-BAA,BAA,0.046875,0.010997772216796875
4,6,hoja,1,AAA-AAA-BAB,BAB,0.046875,0.010997772216796875
4,7,hoja,1,AAA-AAA-BBA,BBA,0.0625,0.0146636962890625
4,8,hoja,1,AAA-AAA-BBB,BBB,0.046875,0.010997772216796875
4,9,hoja,2,AAA-AAB-AAA,AAA,0.484375,0.02199554443359375
4,10,hoja,2,AAA-AAB-AAB,AAB,0.09375,0.0042572021484375
4,11,hoja,2,AAA-AAB-ABA,ABA,0.046875,0.00212860107421875
4,12,hoja,2,AAA-AAB-ABB,ABB,0.171875,0.00780487060546875
4,13,hoja,2,AAA-AAB-BAA,BAA,0.046875,0.00212860107421875
4,14,hoja,2,AAA-AAB-BAB,BAB,0.046875,0.00212860107421875
4,15,hoja,2,AAA-AAB-BBA,BBA,0.0625,0.002838134765625
4,16,hoja,2,AAA-AAB-BBB,BBB,0.046875,0.00212860107421875
4,17,hoja,3,AAA-ABA-AAA,AAA,0.484375,0.010997772216796875
4,18,hoja,3,AAA-ABA-AAB,AAB,0.09375,0.00212860107421875
4,19,hoja,3,AAA-ABA-ABA,ABA,0.046875,0.001064300537109375
4,20,hoja,3,AAA-ABA-ABB,ABB,0.171875,0.003902435302734375
4,21,hoja,3,AAA-ABA-BAA,BAA,0.046875,0.001064300537109375
4,22,hoja,3,AAA-ABA-BAB,BAB,0.046875,0.001064300537109375
4,23,hoja,3,AAA-ABA-BBA,BBA,0.0625,0.0014190673828125
4,24,hoja,3,AAA-ABA-BBB,BBB,0.046875,0.001064300537109375
4,25,hoja,4,AAA-ABB-AAA,AAA,0.484375,0.040325164794921875
4,26,hoja,4,AAA-ABB-AAB,AAB,0.09375,0.00780487060546875
4,27,hoja,4,AAA-ABB-ABA,ABA,0.046875,0.003902435302734375
4,28,hoja,4,AAA-ABB-ABB,ABB,0.171875,0.014308929443359375
4,29,hoja,4,AAA-ABB-BAA,BAA,0.046875,0.003902435302734375
4,30,hoja,4,AAA-ABB-BAB,BAB,0.046875,0.003902435302734375
4,31,hoja,4,AAA-ABB-BBA,BBA,0.0625,0.0052032470703125
4,32,hoja,4,AAA-ABB-BBB,BBB,0.046875,0.003902435302734375
4,33,hoja,5,AAA-BAA-AAA,AAA,0.484375,0.010997772216796875
4,34,hoja,5,AAA-BAA-AAB,AAB,0.09375,0.00212860107421875
4,35,hoja,5,AAA-BAA-ABA,ABA,0.046875,0.001064300537109375
4,36,hoja,5,AAA-BAA-ABB,ABB,0.171875,0.003902435302734375
4,37,hoja,5,AAA-BAA-BAA,BAA,0.046875,0.001064300537109375
4,38,hoja,5,AAA-BAA-BAB,BAB,0.046875,0.001064300537109375
4,39,hoja,5,AAA-BAA-BBA,BBA,0.0625,0.0014190673828125
4,40,hoja,5,AAA-BAA-BBB,BBB,0.046875,0.001064300537109375
4,41,hoja,6,AAA-BAB-AAA,AAA,0.484375,0.010997772216796875
4,42,hoja,6,AAA-BAB-AAB,AAB,0.09375,0.00212860107421875
4,43,hoja,6,AAA-BAB-ABA,ABA,0.046875,0.001064300537109375
4,44,hoja,6,AAA-BAB-ABB,ABB,0.171875,0.003902435302734375
4,45,hoja,6,AAA-BAB-BAA,BAA,0.046875,0.001064300537109375
4,46,hoja,6,AAA-BAB-BAB,BAB,0.046875,0.001064300537109375
4,47,hoja,6,AAA-BAB-BBA,BBA,0.0625,0.0014190673828125
4,48,hoja,6,AAA-BAB-BBB,BBB,0.046875,0.001064300537109375
4,49,hoja,7,AAA-BBA-AAA,AAA,0.484375,0.0146636962890625
4,50,hoja,7,AAA-BBA-AAB,AAB,0.09375,0.002838134765625
4,51,hoja,7,AAA-BBA-ABA,ABA,0.046875,0.0014190673828125
4,52,hoja,7,AAA-BBA-ABB,ABB,0.171875,0.0052032470703125
4,53,hoja,7,AAA-BBA-BAA,BAA,0.046875,0.0014190673828125
4,54,hoja,7,AAA-BBA-BAB,BAB,0.046875,0.0014190673828125
4,55,hoja,7,AAA-BBA-BBA,BBA,0.0625,0.00189208984375
4,56,hoja,7,AAA-BBA-BBB,BBB,0.046875,0.0014190673828125
4,57,hoja,8,AAA-BBB-AAA,AAA,0.484375,0.010997772216796875
4,58,hoja,8,AAA-BBB-AAB,AAB,0.09375,0.00212860107421875
4,59,hoja,8,AAA-BBB-ABA,ABA,0.046875,0.001064300537109375
4,60,hoja,8,AAA-BBB-ABB,ABB,0.171875,0.003902435302734375
4,61,hoja,8,AAA-BBB-BAA,BAA,0.046875,0.001064300537109375
4,62,hoja,8,AAA-BBB-BAB,BAB,0.046875,0.001064300537109375
4,63,hoja,8,AAA-BBB-BBA,BBA,0.0625,0.0014190673828125
4,64,hoja,8,AAA-BBB-BBB,BBB,0.046875,0.001064300537109375
4,65,hoja,9,AAB-AAA-AAA,AAA,0.484375,0.02199554443359375
4,66,hoja,9,AAB-AAA-AAB,AAB,0.09375,0.0042572021484375
4,67,hoja,9,AAB-AAA-ABA,ABA,0.046875,0.00212860107421875
4,68,hoja,9,AAB-AAA-ABB,ABB,0.171875,0.00780487060546875
4,69,hoja,9,AAB-AAA-BAA,BAA,0.046875,0.00212860107421875
4,70,hoja,9,AAB-AAA-BAB,BAB,0.046875,0.00212860107421875
4,71,hoja,9,AAB-AAA-BBA,BBA,0.0625,0.002838134765625
4,72,hoja,9,AAB-AAA-BBB,BBB,0.046875,0.00212860107421875
4,73,hoja,10,AAB-AAB-AAA,AAA,0.484375,0.0042572021484375
4,74,hoja,10,AAB-AAB-AAB,AAB,0.09375,0.000823974609375
4,75,hoja,10,AAB-AAB-ABA,ABA,0.046875,0.0004119873046875
4,76,hoja,10,AAB-AAB-ABB,ABB,0.171875,0.0015106201171875
4,77,hoja,10,AAB-AAB-BAA,BAA,0.046875,0.0004119873046875
4,78,hoja,10,AAB-AAB-BAB,BAB,0.046875,0.0004119873046875
4,79,hoja,10,AAB-AAB-BBA,BBA,0.0625,0.00054931640625
4,80,hoja,10,AAB-AAB-BBB,BBB,0.046875,0.0004119873046875
4,81,hoja,11,AAB-ABA-AAA,AAA,0.484375,0.00212860107421875
4,82,hoja,11,AAB-ABA-AAB,AAB,0.09375,0.0004119873046875
4,83,hoja,11,AAB-ABA-ABA,ABA,0.046875,0.00020599365234375
4,84,hoja,11,AAB-ABA-ABB,ABB,0.171875,0.00075531005859375
4,85,hoja,11,AAB-ABA-BAA,BAA,0.046875,0.00020599365234375
4,86,hoja,11,AAB-ABA-BAB,BAB,0.046875,0.00020599365234375
4,87,hoja,11,AAB-ABA-BBA,BBA,0.0625,0.000274658203125
4,88,hoja,11,AAB-ABA-BBB,BBB,0.046875,0.00020599365234375
4,89,hoja,12,AAB-ABB-AAA,AAA,0.484375,0.00780487060546875
4,90,hoja,12,AAB-ABB-AAB,AAB,0.09375,0.0015106201171875
4,91,hoja,12,AAB-ABB-ABA,ABA,0.046875,0.00075531005859375
4,92,hoja,12,AAB-ABB-ABB,ABB,0.171875,0.00276947021484375
4,93,hoja,12,AAB-ABB-BAA,BAA,0.046875,0.00075531005859375
4,94,hoja,12,AAB-ABB-BAB,BAB,0.046875,0.00075531005859375
4,95,hoja,12,AAB-ABB-BBA,BBA,0.0625,0.001007080078125
4,96,hoja,12,AAB-ABB-BBB,BBB,0.046875,0.00075531005859375
4,97,hoja,13,AAB-BAA-AAA,AAA,0.484375,0.00212860107421875
4,98,hoja,13,AAB-BAA-AAB,AAB,0.09375,0.0004119873046875
4,99,hoja,13,AAB-BAA-ABA,ABA,0.046875,0.00020599365234375
4,100,hoja,13,AAB-BAA-ABB,ABB,0.171875,0.00075531005859375
4,101,hoja,13,AAB-BAA-BAA,BAA,0.046875,0.00020599365234375
4,102,hoja,13,AAB-BAA-BAB,BAB,0.046875,0.00020599365234375
4,103,hoja,13,AAB-BAA-BBA,BBA,0.0625,0.000274658203125
4,104,hoja,13,AAB-BAA-BBB,BBB,0.046875,0.00020599365234375
4,105,hoja,14,AAB-BAB-AAA,AAA,0.484375,0.00212860107421875
4,106,hoja,14,AAB-BAB-AAB,AAB,0.09375,0.0004119873046875
4,107,hoja,14,AAB-BAB-ABA,ABA,0.046875,0.00020599365234375
4,108,hoja,14,AAB-BAB-ABB,ABB,0.171875,0.00075531005859375
4,109,hoja,14,AAB-BAB-BAA,BAA,0.046875,0.00020599365234375
4,110,hoja,14,AAB-BAB-BAB,BAB,0.046875,0.00020599365234375
4,111,hoja,14,AAB-BAB-BBA,BBA,0.0625,0.000274658203125
4,112,hoja,14,AAB-BAB-BBB,BBB,0.046875,0.00020599365234375
4,113,hoja,15,AAB-BBA-AAA,AAA,0.484375,0.002838134765625
4,114,hoja,15,AAB-BBA-AAB,AAB,0.09375,0.00054931640625
4,115,hoja,15,AAB-BBA-ABA,ABA,0.046875,0.000274658203125
4,116,hoja,15,AAB-BBA-ABB,ABB,0.171875,0.001007080078125
4,117,hoja,15,AAB-BBA-BAA,BAA,0.046875,0.000274658203125
4,118,hoja,15,AAB-BBA-BAB,BAB,0.046875,0.000274658203125
4,119,hoja,15,AAB-BBA-BBA,BBA,0.0625,0.0003662109375
4,120,hoja,15,AAB-BBA-BBB,BBB,0.046875,0.000274658203125
4,121,hoja,16,AAB-BBB-AAA,AAA,0.484375,0.00212860107421875
4,122,hoja,16,AAB-BBB-AAB,AAB,0.09375,0.0004119873046875
4,123,hoja,16,AAB-BBB-ABA,ABA,0.046875,0.00020599365234375
4,124,hoja,16,AAB-BBB-ABB,ABB,0.171875,0.00075531005859375
4,125,hoja,16,AAB-BBB-BAA,BAA,0.046875,0.00020599365234375
4,126,hoja,16,AAB-BBB-BAB,BAB,0.046875,0.00020599365234375
4,127,hoja,16,AAB-BBB-BBA,BBA,0.0625,0.000274658203125
4,128,hoja,16,AAB-BBB-BBB,BBB,0.046875,0.00020599365234375
4,129,hoja,17,ABA-AAA-AAA,AAA,0.484375,0.010997772216796875
4,130,hoja,17,ABA-AAA-AAB,AAB,0.09375,0.00212860107421875
4,131,hoja,17,ABA-AAA-ABA,ABA,0.046875,0.001064300537109375
4,132,hoja,17,ABA-AAA-ABB,ABB,0.171875,0.003902435302734375
4,133,hoja,17,ABA-AAA-BAA,BAA,0.046875,0.001064300537109375
4,134,hoja,17,ABA-AAA-BAB,BAB,0.046875,0.001064300537109375
4,135,hoja,17,ABA-AAA-BBA,BBA,0.0625,0.0014190673828125
4,136,hoja,17,ABA-AAA-BBB,BBB,0.046875,0.001064300537109375
4,137,hoja,18,ABA-AAB-AAA,AAA,0.484375,0.00212860107421875
4,138,hoja,18,ABA-AAB-AAB,AAB,0.09375,0.0004119873046875
4,139,hoja,18,ABA-AAB-ABA,ABA,0.046875,0.00020599365234375
4,140,hoja,18,ABA-AAB-ABB,ABB,0.171875,0.00075531005859375
4,141,hoja,18,ABA-AAB-BAA,BAA,0.046875,0.00020599365234375
4,142,hoja,18,ABA-AAB-BAB,BAB,0.046875,0.00020599365234375
4,143,hoja,18,ABA-AAB-BBA,BBA,0.0625,0.000274658203125
4,144,hoja,18,ABA-AAB-BBB,BBB,0.046875,0.00020599365234375
4,145,hoja,19,ABA-ABA-AAA,AAA,0.484375,0.001064300537109375
4,146,hoja,19,ABA-ABA-AAB,AAB,0.09375,0.00020599365234375
4,147,hoja,19,ABA-ABA-ABA,ABA,0.046875,0.000102996826171875
4,148,hoja,19,ABA-ABA-ABB,ABB,0.171875,0.000377655029296875
4,149,hoja,19,ABA-ABA-BAA,BAA,0.046875,0.000102996826171875
4,150,hoja,19,ABA-ABA-BAB,BAB,0.046875,0.000102996826171875
4,151,hoja,19,ABA-ABA-BBA,BBA,0.0625,0.0001373291015625
4,152,hoja,19,ABA-ABA-BBB,BBB,0.046875,0.000102996826171875
4,153,hoja,20,ABA-ABB-AAA,AAA,0.484375,0.003902435302734375
4,154,hoja,20,ABA-ABB-AAB,AAB,0.09375,0.00075531005859375
4,155,hoja,20,ABA-ABB-ABA,ABA,0.046875,0.000377655029296875
4,156,hoja,20,ABA-ABB-ABB,ABB,0.171875,0.001384735107421875
4,157,hoja,20,ABA-ABB-BAA,BAA,0.046875,0.000377655029296875
4,158,hoja,20,ABA-ABB-BAB,BAB,0.046875,0.000377655029296875
4,159,hoja,20,ABA-ABB-BBA,BBA,0.0625,0.0005035400390625
4,160,hoja,20,ABA-ABB-BBB,BBB,0.046875,0.000377655029296875
4,161,hoja,21,ABA-BAA-AAA,AAA,0.484375,0.001064300537109375
4,162,hoja,21,ABA-BAA-AAB,AAB,0.09375,0.00020599365234375
4,163,hoja,21,ABA-BAA-ABA,ABA,0.046875,0.000102996826171875
4,164,hoja,21,ABA-BAA-ABB,ABB,0.171875,0.000377655029296875
4,165,hoja,21,ABA-BAA-BAA,BAA,0.046875,0.000102996826171875
4,166,hoja,21,ABA-BAA-BAB,BAB,0.046875,0.000102996826171875
4,167,hoja,21,ABA-BAA-BBA,BBA,0.0625,0.0001373291015625
4,168,hoja,21,ABA-BAA-BBB,BBB,0.046875,0.000102996826171875
4,169,hoja,22,ABA-BAB-AAA,AAA,0.484375,0.001064300537109375
4,170,hoja,22,ABA-BAB-AAB,AAB,0.09375,0.00020599365234375
4,171,hoja,22,ABA-BAB-ABA,ABA,0.046875,0.000102996826171875
4,172,hoja,22,ABA-BAB-ABB,ABB,0.171875,0.000377655029296875
4,173,hoja,22,ABA-BAB-BAA,BAA,0.046875,0.000102996826171875
4,174,hoja,22,ABA-BAB-BAB,BAB,0.046875,0.000102996826171875
4,175,hoja,22,ABA-BAB-BBA,BBA,0.0625,0.0001373291015625
4,176,hoja,22,ABA-BAB-BBB,BBB,0.046875,0.000102996826171875
4,177,hoja,23,ABA-BBA-AAA,AAA,0.484375,0.0014190673828125
4,178,hoja,23,ABA-BBA-AAB,AAB,0.09375,0.000274658203125
4,179,hoja,23,ABA-BBA-ABA,ABA,0.046875,0.0001373291015625
4,180,hoja,23,ABA-BBA-ABB,ABB,0.171875,0.0005035400390625
4,181,hoja,23,ABA-BBA-BAA,BAA,0.046875,0.0001373291015625
4,182,hoja,23,ABA-BBA-BAB,BAB,0.046875,0.0001373291015625
4,183,hoja,23,ABA-BBA-BBA,BBA,0.0625,0.00018310546875
4,184,hoja,23,ABA-BBA-BBB,BBB,0.046875,0.0001373291015625
4,185,hoja,24,ABA-BBB-AAA,AAA,0.484375,0.001064300537109375
4,186,hoja,24,ABA-BBB-AAB,AAB,0.09375,0.00020599365234375
4,187,hoja,24,ABA-BBB-ABA,ABA,0.046875,0.000102996826171875
4,188,hoja,24,ABA-BBB-ABB,ABB,0.171875,0.000377655029296875
4,189,hoja,24,ABA-BBB-BAA,BAA,0.046875,0.000102996826171875
4,190,hoja,24,ABA-BBB-BAB,BAB,0.046875,0.000102996826171875
4,191,hoja,24,ABA-BBB-BBA,BBA,0.0625,0.0001373291015625
4,192,hoja,24,ABA-BBB-BBB,BBB,0.046875,0.000102996826171875
4,193,hoja,25,ABB-AAA-AAA,AAA,0.484375,0.040325164794921875
4,194,hoja,25,ABB-AAA-AAB,AAB,0.09375,0.00780487060546875
4,195,hoja,25,ABB-AAA-ABA,ABA,0.046875,0.003902435302734375
4,196,hoja,25,ABB-AAA-ABB,ABB,0.171875,0.014308929443359375
4,197,hoja,25,ABB-AAA-BAA,BAA,0.046875,0.003902435302734375
4,198,hoja,25,ABB-AAA-BAB,BAB,0.046875,0.003902435302734375
4,199,hoja,25,ABB-AAA-BBA,BBA,0.0625,0.0052032470703125
4,200,hoja,25,ABB-AAA-BBB,BBB,0.046875,0.003902435302734375
4,201,hoja,26,ABB-AAB-AAA,AAA,0.484375,0.00780487060546875
4,202,hoja,26,ABB-AAB-AAB,AAB,0.09375,0.0015106201171875
4,203,hoja,26,ABB-AAB-ABA,ABA,0.046875,0.00075531005859375
4,204,hoja,26,ABB-AAB-ABB,ABB,0.171875,0.00276947021484375
4,205,hoja,26,ABB-AAB-BAA,BAA,0.046875,0.00075531005859375
4,206,hoja,26,ABB-AAB-BAB,BAB,0.046875,0.00075531005859375
4,207,hoja,26,ABB-AAB-BBA,BBA,0.0625,0.001007080078125
4,208,hoja,26,ABB-AAB-BBB,BBB,0.046875,0.00075531005859375
4,209,hoja,27,ABB-ABA-AAA,AAA,0.484375,0.003902435302734375
4,210,hoja,27,ABB-ABA-AAB,AAB,0.09375,0.00075531005859375
4,211,hoja,27,ABB-ABA-ABA,ABA,0.046875,0.000377655029296875
4,212,hoja,27,ABB-ABA-ABB,ABB,0.171875,0.001384735107421875
4,213,hoja,27,ABB-ABA-BAA,BAA,0.046875,0.000377655029296875
4,214,hoja,27,ABB-ABA-BAB,BAB,0.046875,0.000377655029296875
4,215,hoja,27,ABB-ABA-BBA,BBA,0.0625,0.0005035400390625
4,216,hoja,27,ABB-ABA-BBB,BBB,0.046875,0.000377655029296875
4,217,hoja,28,ABB-ABB-AAA,AAA,0.484375,0.014308929443359375
4,218,hoja,28,ABB-ABB-AAB,AAB,0.09375,0.00276947021484375
4,219,hoja,28,ABB-ABB-ABA,ABA,0.046875,0.001384735107421875
4,220,hoja,28,ABB-ABB-ABB,ABB,0.171875,0.005077362060546875
4,221,hoja,28,ABB-ABB-BAA,BAA,0.046875,0.001384735107421875
4,222,hoja,28,ABB-ABB-BAB,BAB,0.046875,0.001384735107421875
4,223,hoja,28,ABB-ABB-BBA,BBA,0.0625,0.0018463134765625
4,224,hoja,28,ABB-ABB-BBB,BBB,0.046875,0.001384735107421875
4,225,hoja,29,ABB-BAA-AAA,AAA,0.484375,0.003902435302734375
4,226,hoja,29,ABB-BAA-AAB,AAB,0.09375,0.00075531005859375
4,227,hoja,29,ABB-BAA-ABA,ABA,0.046875,0.000377655029296875
4,228,hoja,29,ABB-BAA-ABB,ABB,0.171875,0.001384735107421875
4,229,hoja,29,ABB-BAA-BAA,BAA,0.046875,0.000377655029296875
4,230,hoja,29,ABB-BAA-BAB,BAB,0.046875,0.000377655029296875
4,231,hoja,29,ABB-BAA-BBA,BBA,0.0625,0.0005035400390625
4,232,hoja,29,ABB-BAA-BBB,BBB,0.046875,0.000377655029296875
4,233,hoja,30,ABB-BAB-AAA,AAA,0.484375,0.003902435302734375
4,234,hoja,30,ABB-BAB-AAB,AAB,0.09375,0.00075531005859375
4,235,hoja,30,ABB-BAB-ABA,ABA,0.046875,0.000377655029296875
4,236,hoja,30,ABB-BAB-ABB,ABB,0.171875,0.001384735107421875
4,237,hoja,30,ABB-BAB-BAA,BAA,0.046875,0.000377655029296875
4,238,hoja,30,ABB-BAB-BAB,BAB,0.046875,0.000377655029296875
4,239,hoja,30,ABB-BAB-BBA,BBA,0.0625,0.0005035400390625
4,240,hoja,30,ABB-BAB-BBB,BBB,0.046875,0.000377655029296875
4,241,hoja,31,ABB-BBA-AAA,AAA,0.484375,0.0052032470703125
4,242,hoja,31,ABB-BBA-AAB,AAB,0.09375,0.001007080078125
4,243,hoja,31,ABB-BBA-ABA,ABA,0.046875,0.0005035400390625
4,244,hoja,31,ABB-BBA-ABB,ABB,0.171875,0.0018463134765625
4,245,hoja,31,ABB-BBA-BAA,BAA,0.046875,0.0005035400390625
4,246,hoja,31,ABB-BBA-BAB,BAB,0.046875,0.0005035400390625
4,247,hoja,31,ABB-BBA-BBA,BBA,0.0625,0.00067138671875
4,248,hoja,31,ABB-BBA-BBB,BBB,0.046875,0.0005035400390625
4,249,hoja,32,ABB-BBB-AAA,AAA,0.484375,0.003902435302734375
4,250,hoja,32,ABB-BBB-AAB,AAB,0.09375,0.00075531005859375
4,251,hoja,32,ABB-BBB-ABA,ABA,0.046875,0.000377655029296875
4,252,hoja,32,ABB-BBB-ABB,ABB,0.171875,0.001384735107421875
4,253,hoja,32,ABB-BBB-BAA,BAA,0.046875,0.000377655029296875
4,254,hoja,32,ABB-BBB-BAB,BAB,0.046875,0.000377655029296875
4,255,hoja,32,ABB-BBB-BBA,BBA,0.0625,0.0005035400390625
4,256,hoja,32,ABB-BBB-BBB,BBB,0.046875,0.000377655029296875
4,257,hoja,33,BAA-AAA-AAA,AAA,0.484375,0.010997772216796875
4,258,hoja,33,BAA-AAA-AAB,AAB,0.09375,0.00212860107421875
4,259,hoja,33,BAA-AAA-ABA,ABA,0.046875,0.001064300537109375
4,260,hoja,33,BAA-AAA-ABB,ABB,0.171875,0.003902435302734375
4,261,hoja,33,BAA-AAA-BAA,BAA,0.046875,0.001064300537109375
4,262,hoja,33,BAA-AAA-BAB,BAB,0.046875,0.001064300537109375
4,263,hoja,33,BAA-AAA-BBA,BBA,0.0625,0.0014190673828125
4,264,hoja,33,BAA-AAA-BBB,BBB,0.046875,0.001064300537109375
4,265,hoja,34,BAA-AAB-AAA,AAA,0.484375,0.00212860107421875
4,266,hoja,34,BAA-AAB-AAB,AAB,0.09375,0.0004119873046875
4,267,hoja,34,BAA-AAB-ABA,ABA,0.046875,0.00020599365234375
4,268,hoja,34,BAA-AAB-ABB,ABB,0.171875,0.00075531005859375
4,269,hoja,34,BAA-AAB-BAA,BAA,0.046875,0.00020599365234375
4,270,hoja,34,BAA-AAB-BAB,BAB,0.046875,0.00020599365234375
4,271,hoja,34,BAA-AAB-BBA,BBA,0.0625,0.000274658203125
4,272,hoja,34,BAA-AAB-BBB,BBB,0.046875,0.00020599365234375
4,273,hoja,35,BAA-ABA-AAA,AAA,0.484375,0.001064300537109375
4,274,hoja,35,BAA-ABA-AAB,AAB,0.09375,0.00020599365234375
4,275,hoja,35,BAA-ABA-ABA,ABA,0.046875,0.000102996826171875
4,276,hoja,35,BAA-ABA-ABB,ABB,0.171875,0.000377655029296875
4,277,hoja,35,BAA-ABA-BAA,BAA,0.046875,0.000102996826171875
4,278,hoja,35,BAA-ABA-BAB,BAB,0.046875,0.000102996826171875
4,279,hoja,35,BAA-ABA-BBA,BBA,0.0625,0.0001373291015625
4,280,hoja,35,BAA-ABA-BBB,BBB,0.046875,0.000102996826171875
4,281,hoja,36,BAA-ABB-AAA,AAA,0.484375,0.003902435302734375
4,282,hoja,36,BAA-ABB-AAB,AAB,0.09375,0.00075531005859375
4,283,hoja,36,BAA-ABB-ABA,ABA,0.046875,0.000377655029296875
4,284,hoja,36,BAA-ABB-ABB,ABB,0.171875,0.001384735107421875
4,285,hoja,36,BAA-ABB-BAA,BAA,0.046875,0.000377655029296875
4,286,hoja,36,BAA-ABB-BAB,BAB,0.046875,0.000377655029296875
4,287,hoja,36,BAA-ABB-BBA,BBA,0.0625,0.0005035400390625
4,288,hoja,36,BAA-ABB-BBB,BBB,0.046875,0.000377655029296875
4,289,hoja,37,BAA-BAA-AAA,AAA,0.484375,0.001064300537109375
4,290,hoja,37,BAA-BAA-AAB,AAB,0.09375,0.00020599365234375
4,291,hoja,37,BAA-BAA-ABA,ABA,0.046875,0.000102996826171875
4,292,hoja,37,BAA-BAA-ABB,ABB,0.171875,0.000377655029296875
4,293,hoja,37,BAA-BAA-BAA,BAA,0.046875,0.000102996826171875
4,294,hoja,37,BAA-BAA-BAB,BAB,0.046875,0.000102996826171875
4,295,hoja,37,BAA-BAA-BBA,BBA,0.0625,0.0001373291015625
4,296,hoja,37,BAA-BAA-BBB,BBB,0.046875,0.000102996826171875
4,297,hoja,38,BAA-BAB-AAA,AAA,0.484375,0.001064300537109375
4,298,hoja,38,BAA-BAB-AAB,AAB,0.09375,0.00020599365234375
4,299,hoja,38,BAA-BAB-ABA,ABA,0.046875,0.000102996826171875
4,300,hoja,38,BAA-BAB-ABB,ABB,0.171875,0.000377655029296875
4,301,hoja,38,BAA-BAB-BAA,BAA,0.046875,0.000102996826171875
4,302,hoja,38,BAA-BAB-BAB,BAB,0.046875,0.000102996826171875
4,303,hoja,38,BAA-BAB-BBA,BBA,0.0625,0.0001373291015625
4,304,hoja,38,BAA-BAB-BBB,BBB,0.046875,0.000102996826171875
4,305,hoja,39,BAA-BBA-AAA,AAA,0.484375,0.0014190673828125
4,306,hoja,39,BAA-BBA-AAB,AAB,0.09375,0.000274658203125
4,307,hoja,39,BAA-BBA-ABA,ABA,0.046875,0.0001373291015625
4,308,hoja,39,BAA-BBA-ABB,ABB,0.171875,0.0005035400390625
4,309,hoja,39,BAA-BBA-BAA,BAA,0.046875,0.0001373291015625
4,310,hoja,39,BAA-BBA-BAB,BAB,0.046875,0.0001373291015625
4,311,hoja,39,BAA-BBA-BBA,BBA,0.0625,0.00018310546875
4,312,hoja,39,BAA-BBA-BBB,BBB,0.046875,0.0001373291015625
4,313,hoja,40,BAA-BBB-AAA,AAA,0.484375,0.001064300537109375
4,314,hoja,40,BAA-BBB-AAB,AAB,0.09375,0.00020599365234375
4,315,hoja,40,BAA-BBB-ABA,ABA,0.046875,0.000102996826171875
4,316,hoja,40,BAA-BBB-ABB,ABB,0.171875,0.000377655029296875
4,317,hoja,40,BAA-BBB-BAA,BAA,0.046875,0.000102996826171875
4,318,hoja,40,BAA-BBB-BAB,BAB,0.046875,0.000102996826171875
4,319,hoja,40,BAA-BBB-BBA,BBA,0.0625,0.0001373291015625
4,320,hoja,40,BAA-BBB-BBB,BBB,0.046875,0.000102996826171875
4,321,hoja,41,BAB-AAA-AAA,AAA,0.484375,0.010997772216796875
4,322,hoja,41,BAB-AAA-AAB,AAB,0.09375,0.00212860107421875
4,323,hoja,41,BAB-AAA-ABA,ABA,0.046875,0.001064300537109375
4,324,hoja,41,BAB-AAA-ABB,ABB,0.171875,0.003902435302734375
4,325,hoja,41,BAB-AAA-BAA,BAA,0.046875,0.001064300537109375
4,326,hoja,41,BAB-AAA-BAB,BAB,0.046875,0.001064300537109375
4,327,hoja,41,BAB-AAA-BBA,BBA,0.0625,0.0014190673828125
4,328,hoja,41,BAB-AAA-BBB,BBB,0.046875,0.001064300537109375
4,329,hoja,42,BAB-AAB-AAA,AAA,0.484375,0.00212860107421875
4,330,hoja,42,BAB-AAB-AAB,AAB,0.09375,0.0004119873046875
4,331,hoja,42,BAB-AAB-ABA,ABA,0.046875,0.00020599365234375
4,332,hoja,42,BAB-AAB-ABB,ABB,0.171875,0.00075531005859375
4,333,hoja,42,BAB-AAB-BAA,BAA,0.046875,0.00020599365234375
4,334,hoja,42,BAB-AAB-BAB,BAB,0.046875,0.00020599365234375
4,335,hoja,42,BAB-AAB-BBA,BBA,0.0625,0.000274658203125
4,336,hoja,42,BAB-AAB-BBB,BBB,0.046875,0.00020599365234375
4,337,hoja,43,BAB-ABA-AAA,AAA,0.484375,0.001064300537109375
4,338,hoja,43,BAB-ABA-AAB,AAB,0.09375,0.00020599365234375
4,339,hoja,43,BAB-ABA-ABA,ABA,0.046875,0.000102996826171875
4,340,hoja,43,BAB-ABA-ABB,ABB,0.171875,0.000377655029296875
4,341,hoja,43,BAB-ABA-BAA,BAA,0.046875,0.000102996826171875
4,342,hoja,43,BAB-ABA-BAB,BAB,0.046875,0.000102996826171875
4,343,hoja,43,BAB-ABA-BBA,BBA,0.0625,0.0001373291015625
4,344,hoja,43,BAB-ABA-BBB,BBB,0.046875,0.000102996826171875
4,345,hoja,44,BAB-ABB-AAA,AAA,0.484375,0.003902435302734375
4,346,hoja,44,BAB-ABB-AAB,AAB,0.09375,0.00075531005859375
4,347,hoja,44,BAB-ABB-ABA,ABA,0.046875,0.000377655029296875
4,348,hoja,44,BAB-ABB-ABB,ABB,0.171875,0.001384735107421875
4,349,hoja,44,BAB-ABB-BAA,BAA,0.046875,0.000377655029296875
4,350,hoja,44,BAB-ABB-BAB,BAB,0.046875,0.000377655029296875
4,351,hoja,44,BAB-ABB-BBA,BBA,0.0625,0.0005035400390625
4,352,hoja,44,BAB-ABB-BBB,BBB,0.046875,0.000377655029296875
4,353,hoja,45,BAB-BAA-AAA,AAA,0.484375,0.001064300537109375
4,354,hoja,45,BAB-BAA-AAB,AAB,0.09375,0.00020599365234375
4,355,hoja,45,BAB-BAA-ABA,ABA,0.046875,0.000102996826171875
4,356,hoja,45,BAB-BAA-ABB,ABB,0.171875,0.000377655029296875
4,357,hoja,45,BAB-BAA-BAA,BAA,0.046875,0.000102996826171875
4,358,hoja,45,BAB-BAA-BAB,BAB,0.046875,0.000102996826171875
4,359,hoja,45,BAB-BAA-BBA,BBA,0.0625,0.0001373291015625
4,360,hoja,45,BAB-BAA-BBB,BBB,0.046875,0.000102996826171875
4,361,hoja,46,BAB-BAB-AAA,AAA,0.484375,0.001064300537109375
4,362,hoja,46,BAB-BAB-AAB,AAB,0.09375,0.00020599365234375
4,363,hoja,46,BAB-BAB-ABA,ABA,0.046875,0.000102996826171875
4,364,hoja,46,BAB-BAB-ABB,ABB,0.171875,0.000377655029296875
4,365,hoja,46,BAB-BAB-BAA,BAA,0.046875,0.000102996826171875
4,366,hoja,46,BAB-BAB-BAB,BAB,0.046875,0.000102996826171875
4,367,hoja,46,BAB-BAB-BBA,BBA,0.0625,0.0001373291015625
4,368,hoja,46,BAB-BAB-BBB,BBB,0.046875,0.000102996826171875
4,369,hoja,47,BAB-BBA-AAA,AAA,0.484375,0.0014190673828125
4,370,hoja,47,BAB-BBA-AAB,AAB,0.09375,0.000274658203125
4,371,hoja,47,BAB-BBA-ABA,ABA,0.046875,0.0001373291015625
4,372,hoja,47,BAB-BBA-ABB,ABB,0.171875,0.0005035400390625
4,373,hoja,47,BAB-BBA-BAA,BAA,0.046875,0.0001373291015625
4,374,hoja,47,BAB-BBA-BAB,BAB,0.046875,0.0001373291015625
4,375,hoja,47,BAB-BBA-BBA,BBA,0.0625,0.00018310546875
4,376,hoja,47,BAB-BBA-BBB,BBB,0.046875,0.0001373291015625
4,377,hoja,48,BAB-BBB-AAA,AAA,0.484375,0.001064300537109375
4,378,hoja,48,BAB-BBB-AAB,AAB,0.09375,0.00020599365234375
4,379,hoja,48,BAB-BBB-ABA,ABA,0.046875,0.000102996826171875
4,380,hoja,48,BAB-BBB-ABB,ABB,0.171875,0.000377655029296875
4,381,hoja,48,BAB-BBB-BAA,BAA,0.046875,0.000102996826171875
4,382,hoja,48,BAB-BBB-BAB,BAB,0.046875,0.000102996826171875
4,383,hoja,48,BAB-BBB-BBA,BBA,0.0625,0.0001373291015625
4,384,hoja,48,BAB-BBB-BBB,BBB,0.046875,0.000102996826171875
4,385,hoja,49,BBA-AAA-AAA,AAA,0.484375,0.0146636962890625
4,386,hoja,49,BBA-AAA-AAB,AAB,0.09375,0.002838134765625
4,387,hoja,49,BBA-AAA-ABA,ABA,0.046875,0.0014190673828125
4,388,hoja,49,BBA-AAA-ABB,ABB,0.171875,0.0052032470703125
4,389,hoja,49,BBA-AAA-BAA,BAA,0.046875,0.0014190673828125
4,390,hoja,49,BBA-AAA-BAB,BAB,0.046875,0.0014190673828125
4,391,hoja,49,BBA-AAA-BBA,BBA,0.0625,0.00189208984375
4,392,hoja,49,BBA-AAA-BBB,BBB,0.046875,0.0014190673828125
4,393,hoja,50,BBA-AAB-AAA,AAA,0.484375,0.002838134765625
4,394,hoja,50,BBA-AAB-AAB,AAB,0.09375,0.00054931640625
4,395,hoja,50,BBA-AAB-ABA,ABA,0.046875,0.000274658203125
4,396,hoja,50,BBA-AAB-ABB,ABB,0.171875,0.001007080078125
4,397,hoja,50,BBA-AAB-BAA,BAA,0.046875,0.000274658203125
4,398,hoja,50,BBA-AAB-BAB,BAB,0.046875,0.000274658203125
4,399,hoja,50,BBA-AAB-BBA,BBA,0.0625,0.0003662109375
4,400,hoja,50,BBA-AAB-BBB,BBB,0.046875,0.000274658203125
4,401,hoja,51,BBA-ABA-AAA,AAA,0.484375,0.0014190673828125
4,402,hoja,51,BBA-ABA-AAB,AAB,0.09375,0.000274658203125
4,403,hoja,51,BBA-ABA-ABA,ABA,0.046875,0.0001373291015625
4,404,hoja,51,BBA-ABA-ABB,ABB,0.171875,0.0005035400390625
4,405,hoja,51,BBA-ABA-BAA,BAA,0.046875,0.0001373291015625
4,406,hoja,51,BBA-ABA-BAB,BAB,0.046875,0.0001373291015625
4,407,hoja,51,BBA-ABA-BBA,BBA,0.0625,0.00018310546875
4,408,hoja,51,BBA-ABA-BBB,BBB,0.046875,0.0001373291015625
4,409,hoja,52,BBA-ABB-AAA,AAA,0.484375,0.0052032470703125
4,410,hoja,52,BBA-ABB-AAB,AAB,0.09375,0.001007080078125
4,411,hoja,52,BBA-ABB-ABA,ABA,0.046875,0.0005035400390625
4,412,hoja,52,BBA-ABB-ABB,ABB,0.171875,0.0018463134765625
4,413,hoja,52,BBA-ABB-BAA,BAA,0.046875,0.0005035400390625
4,414,hoja,52,BBA-ABB-BAB,BAB,0.046875,0.0005035400390625
4,415,hoja,52,BBA-ABB-BBA,BBA,0.0625,0.00067138671875
4,416,hoja,52,BBA-ABB-BBB,BBB,0.046875,0.0005035400390625
4,417,hoja,53,BBA-BAA-AAA,AAA,0.484375,0.0014190673828125
4,418,hoja,53,BBA-BAA-AAB,AAB,0.09375,0.000274658203125
4,419,hoja,53,BBA-BAA-ABA,ABA,0.046875,0.0001373291015625
4,420,hoja,53,BBA-BAA-ABB,ABB,0.171875,0.0005035400390625
4,421,hoja,53,BBA-BAA-BAA,BAA,0.046875,0.0001373291015625
4,422,hoja,53,BBA-BAA-BAB,BAB,0.046875,0.0001373291015625
4,423,hoja,53,BBA-BAA-BBA,BBA,0.0625,0.00018310546875
4,424,hoja,53,BBA-BAA-BBB,BBB,0.046875,0.0001373291015625
4,425,hoja,54,BBA-BAB-AAA,AAA,0.484375,0.0014190673828125
4,426,hoja,54,BBA-BAB-AAB,AAB,0.09375,0.000274658203125
4,427,hoja,54,BBA-BAB-ABA,ABA,0.046875,0.0001373291015625
4,428,hoja,54,BBA-BAB-ABB,ABB,0.171875,0.0005035400390625
4,429,hoja,54,BBA-BAB-BAA,BAA,0.046875,0.0001373291015625
4,430,hoja,54,BBA-BAB-BAB,BAB,0.046875,0.0001373291015625
4,431,hoja,54,BBA-BAB-BBA,BBA,0.0625,0.00018310546875
4,432,hoja,54,BBA-BAB-BBB,BBB,0.046875,0.0001373291015625
4,433,hoja,55,BBA-BBA-AAA,AAA,0.484375,0.00189208984375
4,434,hoja,55,BBA-BBA-AAB,AAB,0.09375,0.0003662109375
4,435,hoja,55,BBA-BBA-ABA,ABA,0.046875,0.00018310546875
4,436,hoja,55,BBA-BBA-ABB,ABB,0.171875,0.00067138671875
4,437,hoja,55,BBA-BBA-BAA,BAA,0.046875,0.00018310546875
4,438,hoja,55,BBA-BBA-BAB,BAB,0.046875,0.00018310546875
4,439,hoja,55,BBA-BBA-BBA,BBA,0.0625,0.000244140625
4,440,hoja,55,BBA-BBA-BBB,BBB,0.046875,0.00018310546875
4,441,hoja,56,BBA-BBB-AAA,AAA,0.484375,0.0014190673828125
4,442,hoja,56,BBA-BBB-AAB,AAB,0.09375,0.000274658203125
4,443,hoja,56,BBA-BBB-ABA,ABA,0.046875,0.0001373291015625
4,444,hoja,56,BBA-BBB-ABB,ABB,0.171875,0.0005035400390625
4,445,hoja,56,BBA-BBB-BAA,BAA,0.046875,0.0001373291015625
4,446,hoja,56,BBA-BBB-BAB,BAB,0.046875,0.0001373291015625
4,447,hoja,56,BBA-BBB-BBA,BBA,0.0625,0.00018310546875
4,448,hoja,56,BBA-BBB-BBB,BBB,0.046875,0.0001373291015625
4,449,hoja,57,BBB-AAA-AAA,AAA,0.484375,0.010997772216796875
4,450,hoja,57,BBB-AAA-AAB,AAB,0.09375,0.00212860107421875
4,451,hoja,57,BBB-AAA-ABA,ABA,0.046875,0.001064300537109375
4,452,hoja,57,BBB-AAA-ABB,ABB,0.171875,0.003902435302734375
4,453,hoja,57,BBB-AAA-BAA,BAA,0.046875,0.001064300537109375
4,454,hoja,57,BBB-AAA-BAB,BAB,0.046875,0.001064300537109375
4,455,hoja,57,BBB-AAA-BBA,BBA,0.0625,0.0014190673828125
4,456,hoja,57,BBB-AAA-BBB,BBB,0.046875,0.001064300537109375
4,457,hoja,58,BBB-AAB-AAA,AAA,0.484375,0.00212860107421875
4,458,hoja,58,BBB-AAB-AAB,AAB,0.09375,0.0004119873046875
4,459,hoja,58,BBB-AAB-ABA,ABA,0.046875,0.00020599365234375
4,460,hoja,58,BBB-AAB-ABB,ABB,0.171875,0.00075531005859375
4,461,hoja,58,BBB-AAB-BAA,BAA,0.046875,0.00020599365234375
4,462,hoja,58,BBB-AAB-BAB,BAB,0.046875,0.00020599365234375
4,463,hoja,58,BBB-AAB-BBA,BBA,0.0625,0.000274658203125
4,464,hoja,58,BBB-AAB-BBB,BBB,0.046875,0.00020599365234375
4,465,hoja,59,BBB-ABA-AAA,AAA,0.484375,0.001064300537109375
4,466,hoja,59,BBB-ABA-AAB,AAB,0.09375,0.00020599365234375
4,467,hoja,59,BBB-ABA-ABA,ABA,0.046875,0.000102996826171875
4,468,hoja,59,BBB-ABA-ABB,ABB,0.171875,0.000377655029296875
4,469,hoja,59,BBB-ABA-BAA,BAA,0.046875,0.000102996826171875
4,470,hoja,59,BBB-ABA-BAB,BAB,0.046875,0.000102996826171875
4,471,hoja,59,BBB-ABA-BBA,BBA,0.0625,0.0001373291015625
4,472,hoja,59,BBB-ABA-BBB,BBB,0.046875,0.000102996826171875
4,473,hoja,60,BBB-ABB-AAA,AAA,0.484375,0.003902435302734375
4,474,hoja,60,BBB-ABB-AAB,AAB,0.09375,0.00075531005859375
4,475,hoja,60,BBB-ABB-ABA,ABA,0.046875,0.000377655029296875
4,476,hoja,60,BBB-ABB-ABB,ABB,0.171875,0.001384735107421875
4,477,hoja,60,BBB-ABB-BAA,BAA,0.046875,0.000377655029296875
4,478,hoja,60,BBB-ABB-BAB,BAB,0.046875,0.000377655029296875
4,479,hoja,60,BBB-ABB-BBA,BBA,0.0625,0.0005035400390625
4,480,hoja,60,BBB-ABB-BBB,BBB,0.046875,0.000377655029296875
4,481,hoja,61,BBB-BAA-AAA,AAA,0.484375,0.001064300537109375
4,482,hoja,61,BBB-BAA-AAB,AAB,0.09375,0.00020599365234375
4,483,hoja,61,BBB-BAA-ABA,ABA,0.046875,0.000102996826171875
4,484,hoja,61,BBB-BAA-ABB,ABB,0.171875,0.000377655029296875
4,485,hoja,61,BBB-BAA-BAA,BAA,0.046875,0.000102996826171875
4,486,hoja,61,BBB-BAA-BAB,BAB,0.046875,0.000102996826171875
4,487,hoja,61,BBB-BAA-BBA,BBA,0.0625,0.0001373291015625
4,488,hoja,61,BBB-BAA-BBB,BBB,0.046875,0.000102996826171875
4,489,hoja,62,BBB-BAB-AAA,AAA,0.484375,0.001064300537109375
4,490,hoja,62,BBB-BAB-AAB,AAB,0.09375,0.00020599365234375
4,491,hoja,62,BBB-BAB-ABA,ABA,0.046875,0.000102996826171875
4,492,hoja,62,BBB-BAB-ABB,ABB,0.171875,0.000377655029296875
4,493,hoja,62,BBB-BAB-BAA,BAA,0.046875,0.000102996826171875
4,494,hoja,62,BBB-BAB-BAB,BAB,0.046875,0.000102996826171875
4,495,hoja,62,BBB-BAB-BBA,BBA,0.0625,0.0001373291015625
4,496,hoja,62,BBB-BAB-BBB,BBB,0.046875,0.000102996826171875
4,497,hoja,63,BBB-BBA-AAA,AAA,0.484375,0.0014190673828125
4,498,hoja,63,BBB-BBA-AAB,AAB,0.09375,0.000274658203125
4,499,hoja,63,BBB-BBA-ABA,ABA,0.046875,0.0001373291015625
4,500,hoja,63,BBB-BBA-ABB,ABB,0.171875,0.0005035400390625
4,501,hoja,63,BBB-BBA-BAA,BAA,0.046875,0.0001373291015625
4,502,hoja,63,BBB-BBA-BAB,BAB,0.046875,0.0001373291015625
4,503,hoja,63,BBB-BBA-BBA,BBA,0.0625,0.00018310546875
4,504,hoja,63,BBB-BBA-BBB,BBB,0.046875,0.0001373291015625
4,505,hoja,64,BBB-BBB-AAA,AAA,0.484375,0.001064300537109375
4,506,hoja,64,BBB-BBB-AAB,AAB,0.09375,0.00020599365234375
4,507,hoja,64,BBB-BBB-ABA,ABA,0.046875,0.000102996826171875
4,508,hoja,64,BBB-BBB-ABB,ABB,0.171875,0.000377655029296875
4,509,hoja,64,BBB-BBB-BAA,BAA,0.046875,0.000102996826171875
4,510,hoja,64,BBB-BBB-BAB,BAB,0.046875,0.000102996826171875
4,511,hoja,64,BBB-BBB-BBA,BBA,0.0625,0.0001373291015625
4,512,hoja,64,BBB-BBB-BBB,BBB,0.046875,0.000102996826171875
