ciclo,tiempo,LB,UB,costo_ciclo,gap,cortes_total,cortes_nuevos
1,3.145236015319824,-38.221686523222246,2.753228476363919,2.753228476363919,1.0720331499420137,0,73.0
2,6.436976909637451,-6.132888882633603,2.753228476363919,9.36876996201018,1.4489284787402865,73,61.0
3,11.173701763153076,-4.357411096168809,2.3651226884873746,2.3651226884873746,1.5427816279641082,134,46.0
4,15.31264615058899,0.011970541887510424,2.3651226884873746,2.5944558332539813,0.9949387226524109,180,28.0
5,17.89576244354248,0.13430532354410335,1.6124696583510685,1.6124696583510685,0.916708309611577,208,33.0
6,20.188310146331787,0.880703646823233,1.5644948731892843,1.5644948731892843,0.43706837144957594,241,28.0
7,21.76422429084778,0.9843302785604527,1.415876035802601,1.415876035802601,0.3047906358535993,269,16.0
8,23.40114164352417,1.185350101461496,1.415876035802601,1.6416042356072418,0.16281505478721484,285,26.0
9,24.700961351394653,1.2142363828364002,1.3186092315303468,1.3186092315303468,0.0791537372848618,311,6.0
10,25.824334383010864,1.224954615133952,1.2822144586666728,1.2822144586666728,0.044656994113342875,317,6.0
11,26.922327518463135,1.2502826536079836,1.2822144586666728,1.3577688948457887,0.02490363826648305,323,7.0
12,28.032853841781616,1.2578770731578313,1.2822144586666728,1.3006113834078827,0.01898074487020612,330,6.0
13,29.14129114151001,1.2639158223020897,1.2720686617965666,1.2720686617965666,0.006409119050981551,336,6.0
14,30.229470252990723,1.2671941778602407,1.2720686617965666,1.2737991468434513,0.003831934613845152,342,3.0
15,31.363980770111084,1.2709362905745822,1.2714638846752022,1.2714638846752022,0.0004149501271557955,345,1.0
16,32.46063828468323,1.2710118759594111,1.271203668176128,1.271203668176128,0.00015087449912107466,346,3.0
17,33.54131507873535,1.2711920734305535,1.2711920735348035,1.2711920735348035,8.20095909836933e-11,349,
