k,historia,prob,riqueza,exceso,deficit,costo
1,AAA-AAA-AAA,0.11364364624023438,122.343502678757,16.343502678757005,0.0,-16.343502678757005
2,AAA-AAA-AAB,0.02199554443359375,120.31664424754068,14.31664424754068,0.0,-14.31664424754068
3,AAA-AAA-ABA,0.010997772216796875,123.7914225260102,17.791422526010194,0.0,-17.791422526010194
4,AAA-AAA-ABB,0.040325164794921875,117.20598344269641,11.205983442696407,0.0,-11.205983442696407
5,AAA-AAA-BAA,0.010997772216796875,107.39948926471007,1.3994892647100698,0.0,-1.3994892647100698
6,AAA-AAA-BAB,0.010997772216796875,110.3601466805547,4.360146680554706,0.0,-4.360146680554706
7,AAA-AAA-BBA,0.0146636962890625,105.99999999999788,0.0,2.1174173525650986e-12,8.469669410260394e-12
8,AAA-AAA-BBB,0.010997772216796875,105.45908851958932,0.0,0.5409114804106849,2.1636459216427397
9,AAA-AAB-AAA,0.02199554443359375,118.60686899010001,12.606868990100011,0.0,-12.606868990100011
10,AAA-AAB-AAB,0.0042572021484375,114.4226290937332,8.422629093733207,0.0,-8.422629093733207
11,AAA-AAB-ABA,0.00212860107421875,119.75359840371459,13.75359840371459,0.0,-13.75359840371459
12,AAA-AAB-ABB,0.00780487060546875,111.26247593178394,5.262475931783939,0.0,-5.262475931783939
13,AAA-AAB-BAA,0.00212860107421875,109.23410653674321,3.2341065367432122,0.0,-3.2341065367432122
14,AAA-AAB-BAB,0.00212860107421875,106.69760626543616,0.6976062654361641,0.0,-0.6976062654361641
15,AAA-AAB-BBA,0.002838134765625,106.0000000000007,0.0,-6.963318810448982e-13,-2.7853275241795927e-12
16,AAA-AAB-BBB,0.00212860107421875,102.73338128085885,0.0,3.2666187191411495,13.066474876564598
17,AAA-ABA-AAA,0.010997772216796875,123.64230666451166,17.642306664511665,0.0,-17.642306664511665
18,AAA-ABA-AAB,0.00212860107421875,122.36532522932762,16.365325229327624,0.0,-16.365325229327624
19,AAA-ABA-ABA,0.001064300537109375,125.1949162855759,19.1949162855759,0.0,-19.1949162855759
20,AAA-ABA-ABB,0.003902435302734375,119.27186730708513,13.271867307085131,0.0,-13.271867307085131
21,AAA-ABA-BAA,0.001064300537109375,106.76180079327472,0.7618007932747162,0.0,-0.7618007932747162
22,AAA-ABA-BAB,0.001064300537109375,111.63319683357955,5.633196833579547,0.0,-5.633196833579547
23,AAA-ABA-BBA,0.0014190673828125,105.99999999999986,0.0,1.4210854715202004e-13,5.684341886080801e-13
24,AAA-ABA-BBB,0.001064300537109375,106.40650796731622,0.40650796731621597,0.0,-0.40650796731621597
25,AAA-ABB-AAA,0.040325164794921875,115.29839418539635,9.298394185396347,0.0,-9.298394185396347
26,AAA-ABB-AAB,0.00780487060546875,109.20397448113383,3.2039744811338267,0.0,-3.2039744811338267
27,AAA-ABB-ABA,0.003902435302734375,116.1784448062422,10.178444806242197,0.0,-10.178444806242197
28,AAA-ABB-ABB,0.014308929443359375,106.00000000027828,2.7827695703308564e-10,0.0,-2.7827695703308564e-10
29,AAA-ABB-BAA,0.003902435302734375,110.85850580263843,4.858505802638433,0.0,-4.858505802638433
30,AAA-ABB-BAB,0.003902435302734375,103.45473482170561,0.0,2.545265178294386,10.181060713177544
31,AAA-ABB-BBA,0.0052032470703125,105.99999999999946,0.0,5.400124791776761e-13,2.1600499167107046e-12
32,AAA-ABB-BBB,0.003902435302734375,100.3199968081675,0.0,5.680003191832498,22.72001276732999
33,AAA-BAA-AAA,0.010997772216796875,111.07856808276654,5.078568082766537,0.0,-5.078568082766537
34,AAA-BAA-AAB,0.00212860107421875,108.8495562869206,2.8495562869206026,0.0,-2.8495562869206026
35,AAA-BAA-ABA,0.001064300537109375,112.34815271836277,6.348152718362769,0.0,-6.348152718362769
36,AAA-BAA-ABB,0.003902435302734375,106.00000000000165,0.0,-1.6484591469634324e-12,-6.59383658785373e-12
37,AAA-BAA-BAA,0.001064300537109375,98.40656968507875,0.0,7.59343031492125,30.373721259685
38,AAA-BAA-BAB,0.001064300537109375,100.14745856896332,0.0,5.852541431036684,23.410165724146736
39,AAA-BAA-BBA,0.0014190673828125,96.80706040770738,0.0,9.192939592292618,36.77175836917047
40,AAA-BAA-BBB,0.001064300537109375,95.8355651182432,0.0,10.164434881756804,40.65773952702722
41,AAA-BAB-AAA,0.010997772216796875,110.16950231139485,4.169502311394851,0.0,-4.169502311394851
42,AAA-BAB-AAB,0.00212860107421875,108.77320493000933,2.773204930009328,0.0,-2.773204930009328
43,AAA-BAB-ABA,0.001064300537109375,111.52300321060258,5.523003210602582,0.0,-5.523003210602582
44,AAA-BAB-ABB,0.003902435302734375,106.00000000000392,0.0,-3.922195901395753e-12,-1.5688783605583012e-11
45,AAA-BAB-BAA,0.001064300537109375,95.72408262588671,0.0,10.275917374113291,41.103669496453165
46,AAA-BAB-BAB,0.001064300537109375,99.43498095384727,0.0,6.565019046152727,26.26007618461091
47,AAA-BAB-BBA,0.0014190673828125,94.82665019203765,0.0,11.173349807962353,44.69339923184941
48,AAA-BAB-BBB,0.001064300537109375,94.86949607789133,0.0,11.130503922108673,44.52201568843469
49,AAA-BBA-AAA,0.0146636962890625,108.41952345440436,2.419523454404356,0.0,-2.419523454404356
50,AAA-BBA-AAB,0.002838134765625,108.28897857115855,2.2889785711585517,0.0,-2.2889785711585517
51,AAA-BBA-ABA,0.0014190673828125,109.89551626371819,3.895516263718193,0.0,-3.895516263718193
52,AAA-BBA-ABB,0.0052032470703125,105.64079395489237,0.0,0.35920604510762644,1.4368241804305057
53,AAA-BBA-BAA,0.0014190673828125,91.33747551093343,0.0,14.66252448906657,58.65009795626628
54,AAA-BBA-BAB,0.0014190673828125,98.01908177205658,0.0,7.98091822794342,31.92367291177368
55,AAA-BBA-BBA,0.00189208984375,91.50627408856008,0.0,14.493725911439924,57.974903645759696
56,AAA-BBA-BBB,0.0014190673828125,93.0850420243756,0.0,12.914957975624404,51.659831902497615
57,AAA-BBB-AAA,0.010997772216796875,105.89439115542567,0.0,0.10560884457433417,0.4224353782973367
58,AAA-BBB-AAB,0.00212860107421875,105.76688671259728,0.0,0.2331132874027162,0.9324531496108648
59,AAA-BBB-ABA,0.001064300537109375,107.33600752591086,1.3360075259108584,0.0,-1.3360075259108584
60,AAA-BBB-ABB,0.003902435302734375,103.18037933208288,0.0,2.819620667917121,11.278482671668485
61,AAA-BBB-BAA,0.001064300537109375,89.21019066249163,0.0,16.789809337508373,67.1592373500335
62,AAA-BBB-BAB,0.001064300537109375,95.73617975023626,0.0,10.26382024976374,41.05528099905496
63,AAA-BBB-BBA,0.0014190673828125,89.37505785648177,0.0,16.624942143518226,66.4997685740729
64,AAA-BBB-BBB,0.001064300537109375,90.91705568134033,0.0,15.08294431865967,60.33177727463868
65,AAB-AAA-AAA,0.02199554443359375,120.3468651898512,14.3468651898512,0.0,-14.3468651898512
66,AAB-AAA-AAB,0.0042572021484375,117.16722886545305,11.167228865453055,0.0,-11.167228865453055
67,AAB-AAA-ABA,0.00212860107421875,121.63384656648856,15.633846566488558,0.0,-15.633846566488558
68,AAB-AAA-ABB,0.00780487060546875,114.03012225300637,8.030122253006368,0.0,-8.030122253006368
69,AAB-AAA-BAA,0.00212860107421875,108.37980093783003,2.3798009378300264,0.0,-2.3798009378300264
70,AAB-AAA-BAB,0.00212860107421875,108.40310028351058,2.4031002835105824,0.0,-2.4031002835105824
71,AAB-AAA-BBA,0.002838134765625,106.00000000000418,0.0,-4.177991286269389e-12,-1.6711965145077556e-11
72,AAB-AAA-BBB,0.00212860107421875,104.00263072626882,0.0,1.9973692737311808,7.989477094924723
73,AAB-AAB-AAA,0.0042572021484375,117.16295153472538,11.16295153472538,0.0,-11.16295153472538
74,AAB-AAB-AAB,0.000823974609375,112.14505198240268,6.145051982402677,0.0,-6.145051982402677
75,AAB-AAB-ABA,0.0004119873046875,118.19329433922982,12.193294339229823,0.0,-12.193294339229823
76,AAB-AAB-ABB,0.0015106201171875,108.96577388494234,2.9657738849423367,0.0,-2.9657738849423367
77,AAB-AAB-BAA,0.0004119873046875,109.94304300830592,3.9430430083059207,0.0,-3.9430430083059207
78,AAB-AAB-BAB,0.0004119873046875,105.28232008085689,0.0,0.7176799191431087,2.8707196765724348
79,AAB-AAB-BBA,0.00054931640625,105.99999999995748,0.0,4.2518877307884395e-11,1.7007550923153758e-10
80,AAB-AAB-BBB,0.0004119873046875,101.68010804398352,0.0,4.319891956016477,17.279567824065907
81,AAB-ABA-AAA,0.00212860107421875,121.68220778333608,15.682207783336082,0.0,-15.682207783336082
82,AAB-ABA-AAB,0.0004119873046875,119.27354437222384,13.273544372223839,0.0,-13.273544372223839
83,AAB-ABA-ABA,0.00020599365234375,123.0768241192178,17.076824119217804,0.0,-17.076824119217804
84,AAB-ABA-ABB,0.00075531005859375,116.15412460253509,10.154124602535092,0.0,-10.154124602535092
85,AAB-ABA-BAA,0.00020599365234375,107.72417269319841,1.7241726931984118,0.0,-1.7241726931984118
86,AAB-ABA-BAB,0.00020599365234375,109.71196452447595,3.7119645244759454,0.0,-3.7119645244759454
87,AAB-ABA-BBA,0.000274658203125,105.99999999999696,0.0,3.0411229090532288e-12,1.2164491636212915e-11
88,AAB-ABA-BBB,0.00020599365234375,104.97670345496368,0.0,1.0232965450363167,4.093186180145267
89,AAB-ABB-AAA,0.00780487060546875,114.031566035759,8.031566035758999,0.0,-8.031566035758999
90,AAB-ABB-AAB,0.0015106201171875,109.09757508575166,3.0975750857516573,0.0,-3.0975750857516573
91,AAB-ABB-ABA,0.00075531005859375,115.02855812363143,9.028558123631427,0.0,-9.028558123631427
92,AAB-ABB-ABB,0.00276947021484375,106.00000000000222,0.0,-2.2168933355715126e-12,-8.86757334228605e-12
93,AAB-ABB-BAA,0.00075531005859375,107.12032730764847,1.1203273076484663,0.0,-1.1203273076484663
94,AAB-ABB-BAB,0.00075531005859375,102.46186199855998,0.0,3.538138001440018,14.152552005760072
95,AAB-ABB-BBA,0.001007080078125,103.2402003378622,0.0,2.7597996621377945,11.039198648551178
96,AAB-ABB-BBB,0.00075531005859375,98.97373178169858,0.0,7.026268218301425,28.1050728732057
97,AAB-BAA-AAA,0.00212860107421875,108.3089609842485,2.3089609842485004,0.0,-2.3089609842485004
98,AAB-BAA-AAB,0.0004119873046875,108.17854922614748,2.1785492261474815,0.0,-2.1785492261474815
99,AAB-BAA-ABA,0.00020599365234375,109.7834486272811,3.7834486272811034,0.0,-3.7834486272811034
100,AAB-BAA-ABB,0.00075531005859375,105.533065136717,0.0,0.4669348632830008,1.8677394531320033
101,AAB-BAA-BAA,0.00020599365234375,91.24433272088477,0.0,14.75566727911523,59.02266911646092
102,AAB-BAA-BAB,0.00020599365234375,97.91912531165316,0.0,8.080874688346839,32.323498753387355
103,AAB-BAA-BBA,0.000274658203125,91.41295916357569,0.0,14.587040836424308,58.34816334569723
104,AAB-BAA-BBB,0.00020599365234375,92.99011712660011,0.0,13.009882873399889,52.039531493599554
105,AAB-BAB-AAA,0.00212860107421875,108.5445217107035,2.5445217107035063,0.0,-2.5445217107035063
106,AAB-BAB-AAB,0.0004119873046875,108.4138263205909,2.4138263205909,0.0,-2.4138263205909
107,AAB-BAB-ABA,0.00020599365234375,110.02221621101906,4.022216211019057,0.0,-4.022216211019057
108,AAB-BAB-ABB,0.00075531005859375,105.76258857838536,0.0,0.23741142161463813,0.9496456864585525
109,AAB-BAB-BAA,0.00020599365234375,91.44277965551798,0.0,14.557220344482019,58.228881377928076
110,AAB-BAB-BAB,0.00020599365234375,98.13208922602037,0.0,7.867910773979631,31.471643095918523
111,AAB-BAB-BBA,0.000274658203125,91.61177284318532,0.0,14.38822715681468,57.55290862725872
112,AAB-BAB-BBB,0.00020599365234375,93.19236096076138,0.0,12.807639039238623,51.23055615695449
113,AAB-BBA-AAA,0.002838134765625,105.99999999999773,0.0,2.2737367544323206e-12,9.094947017729282e-12
114,AAB-BBA-AAB,0.00054931640625,105.8723683965451,0.0,0.1276316034549012,0.5105264138196048
115,AAB-BBA-ABA,0.000274658203125,107.44305409950277,1.443054099502774,0.0,-1.443054099502774
116,AAB-BBA-ABB,0.001007080078125,103.28328148322491,0.0,2.7167185167750887,10.866874067100355
117,AAB-BBA-BAA,0.000274658203125,89.29916029588885,0.0,16.700839704111146,66.80335881644459
118,AAB-BBA-BAB,0.000274658203125,95.83165777524636,0.0,10.168342224753644,40.67336889901458
119,AAB-BBA-BBA,0.0003662109375,89.46419191250493,0.0,16.53580808749507,66.14323234998028
120,AAB-BBA-BBB,0.000274658203125,91.00772757715687,0.0,14.99227242284313,59.96908969137252
121,AAB-BBB-AAA,0.00212860107421875,104.1078782769071,0.0,1.8921217230928988,7.568486892371595
122,AAB-BBB-AAB,0.0004119873046875,103.98252492373226,0.0,2.0174750762677434,8.069900305070973
123,AAB-BBB-ABA,0.00020599365234375,105.52517356500395,0.0,0.4748264349960465,1.899305739984186
124,AAB-BBB-ABB,0.00075531005859375,101.4396537424089,0.0,4.560346257591107,18.241385030364427
125,AAB-BBB-BAA,0.00020599365234375,87.7051519841001,0.0,18.294848015899902,73.17939206359961
126,AAB-BBB-BAB,0.00020599365234375,94.1210430447149,0.0,11.878956955285105,47.51582782114042
127,AAB-BBB-BBA,0.000274658203125,87.86723775253886,0.0,18.132762247461145,72.53104898984458
128,AAB-BBB-BBB,0.00020599365234375,89.38322098925256,0.0,16.616779010747436,66.46711604298974
129,ABA-AAA-AAA,0.010997772216796875,123.89167029835943,17.89167029835943,0.0,-17.89167029835943
130,ABA-AAA-AAB,0.00212860107421875,122.75866135996677,16.758661359966766,0.0,-16.758661359966766
131,ABA-AAA-ABA,0.001064300537109375,125.46437981341137,19.46437981341137,0.0,-19.46437981341137
132,ABA-AAA-ABB,0.003902435302734375,119.66850630202518,13.668506302025179,0.0,-13.668506302025179
133,ABA-AAA-BAA,0.001064300537109375,106.63936791175507,0.6393679117550732,0.0,-0.6393679117550732
134,ABA-AAA-BAB,0.001064300537109375,111.87761586501989,5.877615865019891,0.0,-5.877615865019891
135,ABA-AAA-BBA,0.0014190673828125,105.99999999999771,0.0,2.2879476091475226e-12,9.15179043659009e-12
136,ABA-AAA-BBB,0.001064300537109375,106.5884075910115,0.588407591011503,0.0,-0.588407591011503
137,ABA-AAB-AAA,0.00212860107421875,121.17491349685884,15.174913496858835,0.0,-15.174913496858835
138,ABA-AAB-AAB,0.0004119873046875,118.47335884132019,12.473358841320191,0.0,-12.473358841320191
139,ABA-AAB-ABA,0.00020599365234375,122.5286395023365,16.528639502336503,0.0,-16.528639502336503
140,ABA-AAB-ABB,0.00075531005859375,115.34721987138958,9.347219871389584,0.0,-9.347219871389584
141,ABA-AAB-BAA,0.00020599365234375,107.97324470227213,1.973244702272126,0.0,-1.973244702272126
142,ABA-AAB-BAB,0.00020599365234375,109.21472931722948,3.2147293172294837,0.0,-3.2147293172294837
143,ABA-AAB-BBA,0.000274658203125,106.00000000000267,0.0,-2.6716406864579767e-12,-1.0686562745831907e-11
144,ABA-AAB-BBB,0.00020599365234375,104.60665495033984,0.0,1.3933450496601552,5.573380198640621
145,ABA-ABA-AAA,0.001064300537109375,125.32845505003222,19.32845505003222,0.0,-19.32845505003222
146,ABA-ABA-AAB,0.00020599365234375,124.99632185431464,18.996321854314644,0.0,-18.996321854314644
147,ABA-ABA-ABA,0.000102996826171875,127.0136570764016,21.0136570764016,0.0,-21.0136570764016
148,ABA-ABA-ABB,0.000377655029296875,121.9233308174136,15.9233308174136,0.0,-15.9233308174136
149,ABA-ABA-BAA,0.000102996826171875,106.00000000000462,0.0,-4.618527782440651e-12,-1.8474111129762605e-11
150,ABA-ABA-BAB,0.000102996826171875,113.2821403503814,7.282140350381397,0.0,-7.282140350381397
151,ABA-ABA-BBA,0.0001373291015625,106.04181729393713,0.04181729393712885,0.0,-0.04181729393712885
152,ABA-ABA-BBB,0.000102996826171875,107.64287469095017,1.6428746909501655,0.0,-1.6428746909501655
153,ABA-ABB-AAA,0.003902435302734375,117.89515013445236,11.895150134452365,0.0,-11.895150134452365
154,ABA-ABB-AAB,0.00075531005859375,113.29999249888454,7.299992498884535,0.0,-7.299992498884535
155,ABA-ABB-ABA,0.000377655029296875,118.98451162586167,12.984511625861671,0.0,-12.984511625861671
156,ABA-ABB-ABB,0.001384735107421875,110.13041249804857,4.130412498048571,0.0,-4.130412498048571
157,ABA-ABB-BAA,0.000377655029296875,109.58354718685304,3.583547186853039,0.0,-3.583547186853039
158,ABA-ABB-BAB,0.000377655029296875,105.99999999995623,0.0,4.376943252282217e-11,1.7507773009128869e-10
159,ABA-ABB-BBA,0.0005035400390625,105.9999999999985,0.0,1.5063505998114124e-12,6.0254023992456496e-12
160,ABA-ABB-BBB,0.000377655029296875,102.21421419132844,0.0,3.7857858086715623,15.14314323468625
161,ABA-BAA-AAA,0.001064300537109375,110.09947165313568,4.09947165313568,0.0,-4.09947165313568
162,ABA-BAA-AAB,0.00020599365234375,108.7673231380047,2.7673231380046985,0.0,-2.7673231380046985
163,ABA-BAA-ABA,0.000102996826171875,111.45943711339518,5.4594371133951825,0.0,-5.4594371133951825
164,ABA-BAA-ABB,0.000377655029296875,106.00000000000146,0.0,-1.4637180356658064e-12,-5.8548721426632255e-12
165,ABA-BAA-BAA,0.000102996826171875,95.51743494379623,0.0,10.482565056203768,41.93026022481507
166,ABA-BAA-BAB,0.000102996826171875,99.38009463213865,0.0,6.6199053678613495,26.479621471445398
167,ABA-BAA-BBA,0.0001373291015625,94.67408759932889,0.0,11.325912400671115,45.30364960268446
168,ABA-BAA-BBB,0.000102996826171875,94.79507412411228,0.0,11.204925875887724,44.8197035035509
169,ABA-BAB-AAA,0.001064300537109375,111.59916983409146,5.599169834091455,0.0,-5.599169834091455
170,ABA-BAB-AAB,0.00020599365234375,108.89328101111062,2.8932810111106164,0.0,-2.8932810111106164
171,ABA-BAB-ABA,0.000102996826171875,112.82069749165969,6.820697491659686,0.0,-6.820697491659686
172,ABA-BAB-ABB,0.000377655029296875,106.00000000000006,0.0,-5.684341886080802e-14,-2.2737367544323206e-13
173,ABA-BAB-BAA,0.000102996826171875,99.94277037033301,0.0,6.057229629666992,24.228918518667967
174,ABA-BAB-BAB,0.000102996826171875,100.55547865495723,0.0,5.444521345042773,21.778085380171092
175,ABA-BAB-BBA,0.0001373291015625,97.94119729756531,0.0,8.05880270243469,32.23521080973876
176,ABA-BAB-BBB,0.000102996826171875,96.38881137406597,0.0,9.611188625934034,38.444754503736135
177,ABA-BBA-AAA,0.0014190673828125,108.24073330068212,2.2407333006821233,0.0,-2.2407333006821233
178,ABA-BBA-AAB,0.000274658203125,108.11040369360613,2.1104036936061306,0.0,-2.1104036936061306
179,ABA-BBA-ABA,0.0001373291015625,109.71429211127632,3.714292111276322,0.0,-3.714292111276322
180,ABA-BBA-ABB,0.0005035400390625,105.4665860891063,0.0,0.5334139108936995,2.133655643574798
181,ABA-BBA-BAA,0.0001373291015625,91.18685465624881,0.0,14.813145343751188,59.25258137500475
182,ABA-BBA-BAB,0.0001373291015625,97.8574425567255,0.0,8.142557443274498,32.57022977309799
183,ABA-BBA-BBA,0.00018310546875,91.35537487511976,0.0,14.644625124880235,58.57850049952094
184,ABA-BBA-BBB,0.0001373291015625,92.9315393300036,0.0,13.068460669996398,52.27384267998559
185,ABA-BBB-AAA,0.001064300537109375,106.96529617393227,0.9652961739322734,0.0,-0.9652961739322734
186,ABA-BBB-AAB,0.00020599365234375,106.83650228464487,0.8365022846448653,0.0,-0.8365022846448653
187,ABA-BBB-ABA,0.000102996826171875,108.42149154325838,2.4214915432583837,0.0,-2.4214915432583837
188,ABA-BBB-ABB,0.000377655029296875,104.22383767612268,0.0,1.7761623238773154,7.104649295509262
189,ABA-BBB-BAA,0.000102996826171875,90.112369142768,0.0,15.887630857231997,63.55052342892799
190,ABA-BBB-BAB,0.000102996826171875,96.70435525253176,0.0,9.295644747468245,37.18257898987298
191,ABA-BBB-BBA,0.0001373291015625,90.27890363096992,0.0,15.721096369030079,62.884385476120315
192,ABA-BBB-BBB,0.000102996826171875,91.83649560761638,0.0,14.163504392383615,56.65401756953446
193,ABB-AAA-AAA,0.040325164794921875,117.12612671567196,11.126126715671958,0.0,-11.126126715671958
194,ABB-AAA-AAB,0.00780487060546875,112.08696599921085,6.086965999210847,0.0,-6.086965999210847
195,ABB-AAA-ABA,0.003902435302734375,118.15350126474793,12.15350126474793,0.0,-12.15350126474793
196,ABB-AAA-ABB,0.014308929443359375,108.90720015067478,2.9072001506747824,0.0,-2.9072001506747824
197,ABB-AAA-BAA,0.003902435302734375,109.96112330595507,3.96112330595507,0.0,-3.96112330595507
198,ABB-AAA-BAB,0.003902435302734375,105.2462254568415,0.0,0.7537745431584995,3.015098172633998
199,ABB-AAA-BBA,0.0052032470703125,105.99999999999508,0.0,4.916955731459893e-12,1.9667822925839573e-11
200,ABB-AAA-BBB,0.003902435302734375,101.65324598465399,0.0,4.346754015346008,17.38701606138403
201,ABB-AAB-AAA,0.00780487060546875,113.65189926157453,7.651899261574528,0.0,-7.651899261574528
202,ABB-AAB-AAB,0.0015106201171875,109.06568732320653,3.0656873232065323,0.0,-3.0656873232065323
203,ABB-AAB-ABA,0.00075531005859375,114.68393855736298,8.683938557362978,0.0,-8.683938557362978
204,ABB-AAB-ABB,0.00276947021484375,105.99999999991846,0.0,8.15418843558291e-11,3.261675374233164e-10
205,ABB-AAB-BAA,0.00075531005859375,105.99999999970052,0.0,2.9947955226816703e-10,1.1979182090726681e-09
206,ABB-AAB-BAB,0.00075531005859375,102.16429928490604,0.0,3.8357007150939637,15.342802860375855
207,ABB-AAB-BBA,0.001007080078125,102.41309191323708,0.0,3.586908086762918,14.347632347051672
208,ABB-AAB-BBB,0.00075531005859375,98.57025787725233,0.0,7.429742122747669,29.718968490990676
209,ABB-ABA-AAA,0.003902435302734375,118.36964029769331,12.369640297693309,0.0,-12.369640297693309
210,ABB-ABA-AAB,0.00075531005859375,114.04843412990746,8.048434129907463,0.0,-8.048434129907463
211,ABB-ABA-ABA,0.000377655029296875,119.4972479512719,13.497247951271902,0.0,-13.497247951271902
212,ABB-ABA-ABB,0.001384735107421875,110.88513883304803,4.885138833048032,0.0,-4.885138833048032
213,ABB-ABA-BAA,0.000377655029296875,109.3505813889125,3.3505813889125022,0.0,-3.3505813889125022
214,ABB-ABA-BAB,0.000377655029296875,106.46508155309894,0.4650815530989405,0.0,-0.4650815530989405
215,ABB-ABA-BBA,0.0005035400390625,105.9999999999985,0.0,1.5063505998114124e-12,6.0254023992456496e-12
216,ABB-ABA-BBB,0.000377655029296875,102.56033355448103,0.0,3.4396664455189665,13.758665782075866
217,ABB-ABB-AAA,0.014308929443359375,110.69554939350718,4.695549393507179,0.0,-4.695549393507179
218,ABB-ABB-AAB,0.00276947021484375,108.81738700108099,2.817387001080988,0.0,-2.817387001080988
219,ABB-ABB-ABA,0.001384735107421875,112.00049065379255,6.0004906537925535,0.0,-6.0004906537925535
220,ABB-ABB-ABB,0.005077362060546875,106.00000000000387,0.0,-3.865352482534945e-12,-1.546140993013978e-11
221,ABB-ABB-BAA,0.001384735107421875,97.27635148775394,0.0,8.723648512246058,34.89459404898423
222,ABB-ABB-BAB,0.001384735107421875,99.84726880177357,0.0,6.152731198226434,24.610924792905735
223,ABB-ABB-BBA,0.0018463134765625,95.97264979750624,0.0,10.027350202493764,40.10940080997506
224,ABB-ABB-BBB,0.001384735107421875,95.42852911576394,0.0,10.571470884236064,42.285883536944255
225,ABB-BAA-AAA,0.003902435302734375,106.59910535885615,0.5991053588561499,0.0,-0.5991053588561499
226,ABB-BAA-AAB,0.00075531005859375,106.47075238957721,0.4707523895772141,0.0,-0.4707523895772141
227,ABB-BAA-ABA,0.000377655029296875,108.05031550972097,2.050315509720974,0.0,-2.050315509720974
228,ABB-BAA-ABB,0.001384735107421875,103.86703211923513,0.0,2.132967880764866,8.531871523059465
229,ABB-BAA-BAA,0.000377655029296875,89.80387355508532,0.0,16.196126444914682,64.78450577965873
230,ABB-BAA-BAB,0.000377655029296875,96.3732923009203,0.0,9.626707699079702,38.50683079631881
231,ABB-BAA-BBA,0.0005035400390625,89.9698379200589,0.0,16.030162079941107,64.12064831976443
232,ABB-BAA-BBB,0.000377655029296875,91.52209755158142,0.0,14.477902448418575,57.9116097936743
233,ABB-BAB-AAA,0.003902435302734375,105.65982898770659,0.0,0.3401710122934105,1.360684049173642
234,ABB-BAB-AAB,0.00075531005859375,105.53260697455346,0.0,0.4673930254465404,1.8695721017861615
235,ABB-BAB-ABA,0.000377655029296875,107.09825209500579,1.0982520950057904,0.0,-1.0982520950057904
236,ABB-BAB-ABB,0.001384735107421875,102.95182885666925,0.0,3.048171143330748,12.192684573322992
237,ABB-BAB-BAA,0.000377655029296875,89.01258495858127,0.0,16.98741504141873,67.94966016567491
238,ABB-BAB-BAB,0.000377655029296875,95.52411860510537,0.0,10.475881394894628,41.90352557957851
239,ABB-BAB-BBA,0.0005035400390625,89.17708696225317,0.0,16.82291303774683,67.29165215098732
240,ABB-BAB-BBB,0.000377655029296875,90.7156691732301,0.0,15.284330826769903,61.13732330707961
241,ABB-BBA-AAA,0.0052032470703125,103.9443570636972,0.0,2.055642936302803,8.222571745211212
242,ABB-BBA-AAB,0.001007080078125,103.81920060179255,0.0,2.180799398207455,8.72319759282982
243,ABB-BBA-ABA,0.0005035400390625,105.3594262201235,0.0,0.6405737798765045,2.562295119506018
244,ABB-BBA-ABB,0.0018463134765625,101.28032348304627,0.0,4.719676516953726,18.878706067814903
245,ABB-BBA-BAA,0.0005035400390625,87.56739437060754,0.0,18.432605629392455,73.73042251756982
246,ABB-BBA-BAB,0.0005035400390625,93.97320805468352,0.0,12.026791945316475,48.1071677812659
247,ABB-BBA-BBA,0.00067138671875,87.7292255525353,0.0,18.270774447464703,73.08309778985881
248,ABB-BBA-BBB,0.0005035400390625,89.24282764939508,0.0,16.757172350604918,67.02868940241967
249,ABB-BBB-AAA,0.003902435302734375,101.50866358592482,0.0,4.491336414075178,17.965345656300713
250,ABB-BBB-AAB,0.00075531005859375,101.38643987368137,0.0,4.613560126318632,18.454240505274527
251,ABB-BBB-ABA,0.000377655029296875,102.89057389840549,0.0,3.109426101594508,12.437704406378032
252,ABB-BBB-ABB,0.001384735107421875,98.90705541633284,0.0,7.092944583667162,28.371778334668647
253,ABB-BBB-BAA,0.000377655029296875,85.51545680170896,0.0,20.484543198291036,81.93817279316414
254,ABB-BBB-BAB,0.000377655029296875,91.77116518857704,0.0,14.228834811422956,56.915339245691825
255,ABB-BBB-BBA,0.0005035400390625,85.67349584748371,0.0,20.326504152516293,81.30601661006517
256,ABB-BBB-BBB,0.000377655029296875,87.15163021084253,0.0,18.848369789157474,75.3934791566299
257,BAA-AAA-AAA,0.010997772216796875,107.47611716726061,1.476117167260611,0.0,-1.476117167260611
258,BAA-AAA-AAB,0.00212860107421875,107.3467082128557,1.3467082128557024,0.0,-1.3467082128557024
259,BAA-AAA-ABA,0.001064300537109375,108.93926670949745,2.9392667094974456,0.0,-2.9392667094974456
260,BAA-AAA-ABB,0.003902435302734375,104.72156662368374,0.0,1.2784333763162579,5.1137335052650315
261,BAA-AAA-BAA,0.001064300537109375,90.54270768772776,0.0,15.457292312272244,61.82916924908898
262,BAA-AAA-BAB,0.001064300537109375,97.16617433382471,0.0,8.833825666175287,35.335302664701146
263,BAA-AAA-BBA,0.0014190673828125,90.71003747417807,0.0,15.289962525821934,61.15985010328774
264,BAA-AAA-BBB,0.001064300537109375,92.27506785102695,0.0,13.724932148973053,54.89972859589221
265,BAA-AAB-AAA,0.00212860107421875,107.3467082128557,1.3467082128557024,0.0,-1.3467082128557024
266,BAA-AAB-AAB,0.0004119873046875,107.21745507611449,1.21745507611449,0.0,-1.21745507611449
267,BAA-AAB-ABA,0.00020599365234375,108.80809601809096,2.808096018090964,0.0,-2.808096018090964
268,BAA-AAB-ABB,0.00075531005859375,104.5954743457191,0.0,1.4045256542809028,5.618102617123611
269,BAA-AAB-BAA,0.00020599365234375,90.43368777298127,0.0,15.566312227018727,62.26524890807491
270,BAA-AAB-BAB,0.00020599365234375,97.04917929013052,0.0,8.950820709869475,35.8032828394779
271,BAA-AAB-BBA,0.000274658203125,90.60081608236601,0.0,15.39918391763399,61.59673567053596
272,BAA-AAB-BBB,0.00020599365234375,92.16396205038046,0.0,13.836037949619538,55.34415179847815
273,BAA-ABA-AAA,0.001064300537109375,108.93296924975516,2.9329692497551605,0.0,-2.9329692497551605
274,BAA-ABA-AAB,0.00020599365234375,108.66934998341833,2.6693499834183285,0.0,-2.6693499834183285
275,BAA-ABA-ABA,0.000102996826171875,110.40061506303988,4.400615063039879,0.0,-4.400615063039879
276,BAA-ABA-ABB,0.000377655029296875,105.99999999999339,0.0,6.608047442568932e-12,2.6432189770275727e-11
277,BAA-ABA-BAA,0.000102996826171875,92.07529940189646,0.0,13.924700598103541,55.698802392414166
278,BAA-ABA-BAB,0.000102996826171875,98.4658518165337,0.0,7.5341481834663,30.1365927338652
279,BAA-ABA-BBA,0.0001373291015625,92.13284872641586,0.0,13.867151273584142,55.46860509433657
280,BAA-ABA-BBB,0.000102996826171875,93.55542580284784,0.0,12.444574197152164,49.77829678860866
281,BAA-ABB-AAA,0.003902435302734375,104.7215666236845,0.0,1.2784333763155047,5.113733505262019
282,BAA-ABB-AAB,0.00075531005859375,104.59547434571985,0.0,1.4045256542801496,5.6181026171205986
283,BAA-ABB-ABA,0.000377655029296875,106.14721649182509,0.1472164918250911,0.0,-0.1472164918250911
284,BAA-ABB-ABB,0.001384735107421875,102.03761361281632,0.0,3.9623863871836846,15.849545548734739
285,BAA-ABB-BAA,0.000377655029296875,88.22215060721892,0.0,17.77784939278108,71.11139757112431
286,BAA-ABB-BAB,0.000377655029296875,94.67586164498876,0.0,11.324138355011243,45.29655342004497
287,BAA-ABB-BBA,0.0005035400390625,88.38519182829887,0.0,17.614808171701128,70.45923268680451
288,BAA-ABB-BBB,0.000377655029296875,89.9101113843544,0.0,16.089888615645606,64.35955446258242
289,BAA-BAA-AAA,0.001064300537109375,90.54270768772824,0.0,15.457292312271761,61.829169249087045
290,BAA-BAA-AAB,0.00020599365234375,90.43368777298176,0.0,15.566312227018244,62.26524890807298
291,BAA-BAA-ABA,0.000102996826171875,91.77533056988925,0.0,14.224669430110751,56.898677720443004
292,BAA-BAA-ABB,0.000377655029296875,88.22215060721877,0.0,17.777849392781235,71.11139757112494
293,BAA-BAA-BAA,0.000102996826171875,76.27724308896627,0.0,29.722756911033727,118.89102764413491
294,BAA-BAA-BAB,0.000102996826171875,81.857148841271,0.0,24.142851158729002,96.57140463491601
295,BAA-BAA-BBA,0.0001373291015625,76.41820921559366,0.0,29.581790784406337,118.32716313762535
296,BAA-BAA-BBB,0.000102996826171875,77.73666108814241,0.0,28.263338911857588,113.05335564743035
297,BAA-BAB-AAA,0.001064300537109375,97.16617433382473,0.0,8.833825666175272,35.33530266470109
298,BAA-BAB-AAB,0.00020599365234375,97.04917929013054,0.0,8.950820709869461,35.803282839477845
299,BAA-BAB-ABA,0.000102996826171875,98.48896722255729,0.0,7.511032777442708,30.04413110977083
300,BAA-BAB-ABB,0.000377655029296875,94.6758616449881,0.0,11.324138355011897,45.29655342004759
301,BAA-BAB-BAA,0.000102996826171875,81.85714884127057,0.0,24.142851158729428,96.57140463491771
302,BAA-BAB-BAB,0.000102996826171875,87.84524118952092,0.0,18.15475881047908,72.61903524191632
303,BAA-BAB-BBA,0.0001373291015625,82.00842705665464,0.0,23.99157294334536,95.96629177338144
304,BAA-BAB-BBB,0.000102996826171875,83.42332758007021,0.0,22.576672419929793,90.30668967971917
305,BAA-BBA-AAA,0.0014190673828125,90.710037474178,0.0,15.289962525822006,61.15985010328802
306,BAA-BBA-AAB,0.000274658203125,90.60081608236594,0.0,15.399183917634062,61.59673567053625
307,BAA-BBA-ABA,0.0001373291015625,91.94493833685132,0.0,14.055061663148678,56.22024665259471
308,BAA-BBA-ABB,0.0005035400390625,88.38519182829818,0.0,17.614808171701824,70.4592326868073
309,BAA-BBA-BAA,0.0001373291015625,76.4182092155932,0.0,29.581790784406806,118.32716313762722
310,BAA-BBA-BAB,0.0001373291015625,82.00842705665457,0.0,23.99157294334543,95.96629177338173
311,BAA-BBA-BBA,0.00018310546875,76.55943585830705,0.0,29.440564141692946,117.76225656677178
312,BAA-BBA-BBB,0.0001373291015625,77.88032432984772,0.0,28.119675670152276,112.4787026806091
313,BAA-BBB-AAA,0.001064300537109375,92.27506785102693,0.0,13.724932148973068,54.89972859589227
314,BAA-BBB-AAB,0.00020599365234375,92.16396205038045,0.0,13.836037949619552,55.34415179847821
315,BAA-BBB-ABA,0.000102996826171875,93.53127459578668,0.0,12.468725404213316,49.874901616853265
316,BAA-BBB-ABB,0.000377655029296875,89.91011138435374,0.0,16.08988861564626,64.35955446258504
317,BAA-BBB-BAA,0.000102996826171875,77.73666108814199,0.0,28.263338911858014,113.05335564743206
318,BAA-BBB-BAB,0.000102996826171875,83.42332758007018,0.0,22.57667241992982,90.30668967971928
319,BAA-BBB-BBA,0.0001373291015625,77.88032432984777,0.0,28.119675670152233,112.47870268060893
320,BAA-BBB-BBB,0.000102996826171875,79.22400223726514,0.0,26.77599776273486,107.10399105093944
321,BAB-AAA-AAA,0.010997772216796875,110.45090455749762,4.450904557497623,0.0,-4.450904557497623
322,BAB-AAA-AAB,0.00212860107421875,108.79683957120234,2.796839571202341,0.0,-2.796839571202341
323,BAB-AAA-ABA,0.001064300537109375,111.77842909084873,5.778429090848732,0.0,-5.778429090848732
324,BAB-AAA-ABB,0.003902435302734375,106.00000000000252,0.0,-2.5153212845907547e-12,-1.0061285138363019e-11
325,BAB-AAA-BAA,0.001064300537109375,96.5544492587219,0.0,9.445550741278097,37.78220296511239
326,BAB-AAA-BAB,0.001064300537109375,99.65552913364398,0.0,6.344470866356019,25.377883465424077
327,BAB-AAA-BBA,0.0014190673828125,95.43968821463783,0.0,10.560311785362174,42.241247141448696
328,BAB-AAA-BBB,0.001064300537109375,95.16854374463529,0.0,10.831456255364714,43.325825021458854
329,BAB-AAB-AAA,0.00212860107421875,108.80229925083871,2.802299250838715,0.0,-2.802299250838715
330,BAB-AAB-AAB,0.0004119873046875,108.65837516505637,2.65837516505637,0.0,-2.65837516505637
331,BAB-AAB-ABA,0.00020599365234375,110.28200726954474,4.282007269544735,0.0,-4.282007269544735
332,BAB-AAB-ABB,0.00075531005859375,105.99999999999956,0.0,4.405364961712621e-13,1.7621459846850485e-12
333,BAB-AAB-BAA,0.00020599365234375,91.68971610070075,0.0,14.31028389929925,57.241135597197
334,BAB-AAB-BAB,0.00020599365234375,98.36343959056892,0.0,7.636560409431084,30.546241637724336
335,BAB-AAB-BBA,0.000274658203125,91.84818263415667,0.0,14.151817365843328,56.607269463373314
336,BAB-AAB-BBB,0.00020599365234375,93.41656209855653,0.0,12.583437901443475,50.3337516057739
337,BAB-ABA-AAA,0.001064300537109375,111.71669976294181,5.716699762941815,0.0,-5.716699762941815
338,BAB-ABA-AAB,0.00020599365234375,108.90315221056426,2.903152210564258,0.0,-2.903152210564258
339,BAB-ABA-ABA,0.000102996826171875,112.92737818077163,6.927378180771626,0.0,-6.927378180771626
340,BAB-ABA-ABB,0.000377655029296875,106.00000000000009,0.0,-8.526512829121202e-14,-3.410605131648481e-13
341,BAB-ABA-BAA,0.000102996826171875,100.28957972465784,0.0,5.710420275342159,22.841681101368636
342,BAB-ABA-BAB,0.000102996826171875,100.64759238979265,0.0,5.352407610207351,21.409630440829403
343,BAB-ABA-BBA,0.0001373291015625,98.19723759637733,0.0,7.8027624036226655,31.211049614490662
344,BAB-ABA-BBB,0.000102996826171875,96.51371105586315,0.0,9.486288944136845,37.94515577654738
345,BAB-ABB-AAA,0.003902435302734375,105.99999999998754,0.0,1.2462919585232157e-11,4.985167834092863e-11
346,BAB-ABB-AAB,0.00075531005859375,105.87236839653492,0.0,0.12763160346507618,0.5105264138603047
347,BAB-ABB-ABA,0.000377655029296875,107.44305409949244,1.4430540994924428,0.0,-1.4430540994924428
348,BAB-ABB-ABB,0.001384735107421875,103.28328148321498,0.0,2.716718516785022,10.866874067140088
349,BAB-ABB-BAA,0.000377655029296875,89.29916029588026,0.0,16.700839704119744,66.80335881647898
350,BAB-ABB-BAB,0.000377655029296875,95.83165777523715,0.0,10.168342224762853,40.67336889905141
351,BAB-ABB-BBA,0.0005035400390625,89.46419191249632,0.0,16.535808087503682,66.14323235001473
352,BAB-ABB-BBB,0.000377655029296875,91.00772757714812,0.0,14.992272422851883,59.96908969140753
353,BAB-BAA-AAA,0.001064300537109375,96.76784510916087,0.0,9.232154890839126,36.928619563356506
354,BAB-BAA-AAB,0.00020599365234375,96.65132968242561,0.0,9.348670317574388,37.39468127029755
355,BAB-BAA-ABA,0.000102996826171875,98.08521525618963,0.0,7.9147847438103724,31.65913897524149
356,BAB-BAA-ABB,0.000377655029296875,94.28774136730931,0.0,11.712258632690691,46.849034530762765
357,BAB-BAA-BAA,0.000102996826171875,81.52157841406496,0.0,24.47842158593504,97.91368634374015
358,BAB-BAA-BAB,0.000102996826171875,87.48512279386179,0.0,18.51487720613821,74.05950882455284
359,BAB-BAA-BBA,0.0001373291015625,81.67223646986514,0.0,24.32776353013486,97.31105412053944
360,BAB-BAA-BBB,0.000102996826171875,83.08133665965296,0.0,22.918663340347038,91.67465336138815
361,BAB-BAB-AAA,0.001064300537109375,99.71220779162596,0.0,6.287792208374043,25.151168833496172
362,BAB-BAB-AAB,0.00020599365234375,99.59214714101985,0.0,6.407852858980149,25.631411435920597
363,BAB-BAB-ABA,0.000102996826171875,101.06966166166755,0.0,4.930338338332447,19.72135335332979
364,BAB-BAB-ABB,0.000377655029296875,97.1566417420428,0.0,8.843358257957206,35.373433031828824
365,BAB-BAB-BAA,0.000102996826171875,84.00204176454315,0.0,21.99795823545685,87.9918329418274
366,BAB-BAB-BAB,0.000102996826171875,90.14703936888262,0.0,15.852960631117384,63.411842524469535
367,BAB-BAB-BBA,0.0001373291015625,84.15728390462061,0.0,21.842716095379387,87.37086438151755
368,BAB-BAB-BBB,0.000102996826171875,85.60925889450328,0.0,20.390741105496716,81.56296442198686
369,BAB-BBA-AAA,0.0014190673828125,95.59723280398998,0.0,10.402767196010018,41.61106878404007
370,BAB-BBA-AAB,0.000274658203125,95.48212687843896,0.0,10.517873121561038,42.07149248624415
371,BAB-BBA-ABA,0.0001373291015625,96.89866656530262,0.0,9.10133343469738,36.40533373878952
372,BAB-BBA-ABB,0.0005035400390625,93.14713117652917,0.0,12.852868823470828,51.41147529388331
373,BAB-BBA-BAA,0.0001373291015625,80.53540203780273,0.0,25.464597962197274,101.8583918487891
374,BAB-BBA-BAB,0.0001373291015625,86.42680470125207,0.0,19.573195298747933,78.29278119499173
375,BAB-BBA-BBA,0.00018310546875,80.68423756491278,0.0,25.315762435087223,101.26304974034889
376,BAB-BBA-BBB,0.0001373291015625,82.07629169958255,0.0,23.923708300417445,95.69483320166978
377,BAB-BBB-AAA,0.001064300537109375,95.24539597910179,0.0,10.754604020898213,43.018416083592854
378,BAB-BBB-AAB,0.00020599365234375,95.13071369032542,0.0,10.869286309674578,43.47714523869831
379,BAB-BBB-ABA,0.000102996826171875,96.54203993312657,0.0,9.457960066873426,37.8318402674937
380,BAB-BBB-ABB,0.000377655029296875,92.80431172538678,0.0,13.195688274613218,52.78275309845287
381,BAB-BBB-BAA,0.000102996826171875,80.2389988960698,0.0,25.761001103930198,103.04400441572079
382,BAB-BBB-BAB,0.000102996826171875,86.10871879374814,0.0,19.89128120625186,79.56512482500744
383,BAB-BBB-BBA,0.0001373291015625,80.3872866477082,0.0,25.612713352291806,102.45085340916722
384,BAB-BBB-BBB,0.000102996826171875,81.7742174551388,0.0,24.225782544861204,96.90313017944482
385,BBA-AAA-AAA,0.0146636962890625,106.12778547290759,0.1277854729075898,0.0,-0.1277854729075898
386,BBA-AAA-AAB,0.002838134765625,106.00000000657944,6.57944099202723e-09,0.0,-6.57944099202723e-09
387,BBA-AAA-ABA,0.0014190673828125,107.57257920779509,1.572579207795087,0.0,-1.572579207795087
388,BBA-AAA-ABB,0.0052032470703125,103.40779188858356,0.0,2.59220811141644,10.36883244566576
389,BBA-AAA-BAA,0.0014190673828125,89.40681251691586,0.0,16.593187483084137,66.37274993233655
390,BBA-AAA-BAB,0.0014190673828125,95.94718507438358,0.0,10.052814925616417,40.21125970246567
391,BBA-AAA-BBA,0.00189208984375,89.57204308299585,0.0,16.427956917004153,65.71182766801661
392,BBA-AAA-BBB,0.0014190673828125,91.1174395159012,0.0,14.882560484098803,59.530241936395214
393,BBA-AAB-AAA,0.002838134765625,106.0000000065795,6.579497835446091e-09,0.0,-6.579497835446091e-09
394,BBA-AAB-AAB,0.00054931640625,105.87236840311894,0.0,0.1276315968810593,0.5105263875242372
395,BBA-AAB-ABA,0.000274658203125,107.44305410617415,1.443054106174145,0.0,-1.443054106174145
396,BBA-AAB-ABB,0.001007080078125,103.28328148963799,0.0,2.716718510362014,10.866874041448057
397,BBA-AAB-BAA,0.000274658203125,89.29916030143362,0.0,16.700839698566384,66.80335879426553
398,BBA-AAB-BAB,0.000274658203125,95.83165778119674,0.0,10.16834221880326,40.67336887521304
399,BBA-AAB-BBA,0.0003662109375,89.46419191805994,0.0,16.53580808194006,66.14323232776024
400,BBA-AAB-BBB,0.000274658203125,91.00772758280773,0.0,14.992272417192268,59.96908966876907
401,BBA-ABA-AAA,0.0014190673828125,107.5725792077946,1.572579207794604,0.0,-1.572579207794604
402,BBA-ABA-AAB,0.000274658203125,107.44305410617359,1.4430541061735909,0.0,-1.4430541061735909
403,BBA-ABA-ABA,0.0001373291015625,109.03704195704123,3.0370419570412253,0.0,-3.0370419570412253
404,BBA-ABA-ABB,0.0005035400390625,104.81555639806976,0.0,1.1844436019302407,4.737774407720963
405,BBA-ABA-BAA,0.0001373291015625,90.62397164263449,0.0,15.376028357365513,61.50411342946205
406,BBA-ABA-BAB,0.0001373291015625,97.25338298719032,0.0,8.74661701280968,34.98646805123872
407,BBA-ABA-BBA,0.00018310546875,90.79145161103283,0.0,15.208548388967174,60.834193555868694
408,BBA-ABA-BBB,0.0001373291015625,92.3578866350501,0.0,13.642113364949907,54.56845345979963
409,BBA-ABB-AAA,0.0052032470703125,103.40779188858309,0.0,2.592208111416909,10.368832445667636
410,BBA-ABB-AAB,0.001007080078125,103.28328148963747,0.0,2.7167185103625258,10.866874041450103
411,BBA-ABB-ABA,0.0005035400390625,104.81555639806977,0.0,1.1844436019302265,4.737774407720906
412,BBA-ABB-ABB,0.0018463134765625,100.75751016214622,0.0,5.242489837853782,20.969959351415127
413,BBA-ABB-BAA,0.0005035400390625,87.11536777078014,0.0,18.88463222921986,75.53852891687944
414,BBA-ABB-BAB,0.0005035400390625,93.48811437321513,0.0,12.511885626784874,50.0475425071395
415,BBA-ABB-BBA,0.00067138671875,87.27636357329024,0.0,18.72363642670976,74.89454570683904
416,BBA-ABB-BBB,0.0005035400390625,88.7821523919972,0.0,17.2178476080028,68.8713904320112
417,BBA-BAA-AAA,0.0014190673828125,89.40681251691544,0.0,16.593187483084563,66.37274993233825
418,BBA-BAA-AAB,0.000274658203125,89.29916030143315,0.0,16.700839698566853,66.80335879426741
419,BBA-BAA-ABA,0.0001373291015625,90.62397164263446,0.0,15.376028357365541,61.504113429462166
420,BBA-BAA-ABB,0.0005035400390625,87.1153677707801,0.0,18.884632229219903,75.53852891687961
421,BBA-BAA-BAA,0.0001373291015625,75.32031398578003,0.0,30.679686014219968,122.71874405687987
422,BBA-BAA-BAB,0.0001373291015625,80.83021754619656,0.0,25.169782453803435,100.67912981521374
423,BBA-BAA-BBA,0.00018310546875,75.45951163489472,0.0,30.540488365105276,122.1619534604211
424,BBA-BAA-BBB,0.0001373291015625,76.76142299133541,0.0,29.238577008664592,116.95430803465837
425,BBA-BAB-AAA,0.0014190673828125,95.94718507438316,0.0,10.052814925616843,40.21125970246737
426,BBA-BAB-AAB,0.000274658203125,95.83165778119627,0.0,10.16834221880373,40.67336887521492
427,BBA-BAB-ABA,0.0001373291015625,97.25338298719034,0.0,8.746617012809665,34.98646805123866
428,BBA-BAB-ABB,0.0005035400390625,93.48811437321513,0.0,12.511885626784874,50.0475425071395
429,BBA-BAB-BAA,0.0001373291015625,80.8302175461966,0.0,25.169782453803407,100.67912981521363
430,BBA-BAB-BAB,0.0001373291015625,86.74318683534631,0.0,19.256813164653693,77.02725265861477
431,BBA-BAB-BBA,0.00018310546875,80.97959791471158,0.0,25.020402085288424,100.0816083411537
432,BBA-BAB-BBB,0.0001373291015625,82.37674793438397,0.0,23.62325206561603,94.49300826246412
433,BBA-BBA-AAA,0.00189208984375,89.57204308299531,0.0,16.427956917004693,65.71182766801877
434,BBA-BBA-AAB,0.0003662109375,89.46419191805936,0.0,16.535808081940644,66.14323232776258
435,BBA-BBA-ABA,0.00018310546875,90.79145161103268,0.0,15.208548388967316,60.83419355586926
436,BBA-BBA-ABB,0.00067138671875,87.27636357329011,0.0,18.723636426709888,74.89454570683955
437,BBA-BBA-BAA,0.00018310546875,75.45951163489464,0.0,30.54048836510536,122.16195346042144
438,BBA-BBA-BAB,0.00018310546875,80.97959791471145,0.0,25.020402085288552,100.08160834115421
439,BBA-BBA-BBA,0.000244140625,75.59896653181532,0.0,30.40103346818468,121.60413387273871
440,BBA-BBA-BBB,0.00018310546875,76.90328391912047,0.0,29.09671608087953,116.38686432351813
441,BBA-BBB-AAA,0.0014190673828125,91.11743951590084,0.0,14.882560484099159,59.530241936396635
442,BBA-BBB-AAB,0.000274658203125,91.00772758280732,0.0,14.99227241719268,59.96908966877072
443,BBA-BBB-ABA,0.0001373291015625,92.35788663505015,0.0,13.64211336494985,54.5684534597994
444,BBA-BBB-ABB,0.0005035400390625,88.78215239199724,0.0,17.217847608002756,68.87139043201103
445,BBA-BBB-BAA,0.0001373291015625,76.76142299133546,0.0,29.238577008664535,116.95430803465814
446,BBA-BBB-BAB,0.0001373291015625,82.376747934384,0.0,23.623252065616,94.493008262464
447,BBA-BBB-BBA,0.00018310546875,76.90328391912063,0.0,29.096716080879375,116.3868643235175
448,BBA-BBB-BBB,0.0001373291015625,78.23010483954103,0.0,27.769895160458972,111.07958064183589
449,BBB-AAA-AAA,0.010997772216796875,105.66473373420811,0.0,0.335266265791887,1.341065063167548
450,BBB-AAA-AAB,0.00212860107421875,105.53750581538837,0.0,0.4624941846116286,1.8499767384465144
451,BBB-AAA-ABA,0.001064300537109375,107.10322361334265,1.1032236133426494,0.0,-1.1032236133426494
452,BBB-AAA-ABB,0.003902435302734375,102.95660789736284,0.0,3.0433921026371564,12.173568410548626
453,BBB-AAA-BAA,0.001064300537109375,89.01671693729874,0.0,16.98328306270126,67.93313225080504
454,BBB-AAA-BAB,0.001064300537109375,95.52855285027715,0.0,10.471447149722849,41.885788598891395
455,BBB-AAA-BBA,0.0014190673828125,89.18122657718047,0.0,16.818773422819532,67.27509369127813
456,BBB-AAA-BBB,0.001064300537109375,90.71988020939467,0.0,15.280119790605326,61.120479162421304
457,BBB-AAB-AAA,0.00212860107421875,105.53750581538932,0.0,0.4624941846106765,1.849976738442706
458,BBB-AAB-AAB,0.0004119873046875,105.41043108810999,0.0,0.5895689118900123,2.358275647560049
459,BBB-AAB-ABA,0.00020599365234375,106.97426364952554,0.9742636495255397,0.0,-0.9742636495255397
460,BBB-AAB-ABB,0.00075531005859375,102.83264075630731,0.0,3.1673592436926867,12.669436974770747
461,BBB-AAB-BAA,0.00020599365234375,88.90953442487694,0.0,17.090465575123062,68.36186230049225
462,BBB-AAB-BAB,0.00020599365234375,95.41352962031772,0.0,10.586470379682282,42.34588151872913
463,BBB-AAB-BBA,0.000274658203125,89.07384598335186,0.0,16.92615401664814,67.70461606659256
464,BBB-AAB-BBB,0.00020599365234375,90.61064696622421,0.0,15.389353033775791,61.557412135103164
465,BBB-ABA-AAA,0.001064300537109375,107.10322361334268,1.1032236133426778,0.0,-1.1032236133426778
466,BBB-ABA-AAB,0.00020599365234375,106.97426364952459,0.9742636495245875,0.0,-0.9742636495245875
467,BBB-ABA-ABA,0.000102996826171875,108.56129668792234,2.5612966879223364,0.0,-2.5612966879223364
468,BBB-ABA-ABB,0.000377655029296875,104.35823011526311,0.0,1.6417698847368882,6.567079538947553
469,BBB-ABA-BAA,0.000102996826171875,90.22856541183509,0.0,15.771434588164908,63.08573835265963
470,BBB-ABA-BAB,0.000102996826171875,96.8290516220732,0.0,9.170948377926806,36.68379351170722
471,BBB-ABA-BBA,0.0001373291015625,90.39531463954928,0.0,15.604685360450716,62.418741441802865
472,BBB-ABA-BBB,0.000102996826171875,91.95491506828881,0.0,14.045084931711187,56.18033972684475
473,BBB-ABB-AAA,0.003902435302734375,102.95660789736284,0.0,3.0433921026371564,12.173568410548626
474,BBB-ABB-AAB,0.00075531005859375,102.83264075630639,0.0,3.1673592436936104,12.669436974774442
475,BBB-ABB-ABA,0.000377655029296875,104.3582301152631,0.0,1.6417698847369024,6.56707953894761
476,BBB-ABB-ABB,0.001384735107421875,100.31788975492049,0.0,5.682110245079514,22.728440980318055
477,BBB-ABB-BAA,0.000377655029296875,86.73527011460168,0.0,19.264729885398324,77.0589195415933
478,BBB-ABB-BAB,0.000377655029296875,93.08021145019353,0.0,12.91978854980647,51.67915419922588
479,BBB-ABB-BBA,0.0005035400390625,86.89556346783384,0.0,19.10443653216616,76.41774612866465
480,BBB-ABB-BBB,0.000377655029296875,88.39478229992035,0.0,17.60521770007965,70.4208708003186
481,BBB-BAA-AAA,0.001064300537109375,89.01671693729868,0.0,16.983283062701318,67.93313225080527
482,BBB-BAA-AAB,0.00020599365234375,88.90953442487607,0.0,17.09046557512393,68.36186230049572
483,BBB-BAA-ABA,0.000102996826171875,90.22856541183504,0.0,15.771434588164965,63.08573835265986
484,BBB-BAA-ABB,0.000377655029296875,86.73527011460162,0.0,19.26472988539838,77.05891954159353
485,BBB-BAA-BAA,0.000102996826171875,74.99167995092235,0.0,31.008320049077653,124.03328019631061
486,BBB-BAA-BAB,0.000102996826171875,80.47754296048458,0.0,25.522457039515416,102.08982815806166
487,BBB-BAA-BBA,0.0001373291015625,75.13027025943197,0.0,30.869729740568033,123.47891896227213
488,BBB-BAA-BBB,0.000102996826171875,76.42650117776168,0.0,29.57349882223832,118.29399528895328
489,BBB-BAB-AAA,0.001064300537109375,95.52855285027714,0.0,10.471447149722863,41.88578859889145
490,BBB-BAB-AAB,0.00020599365234375,95.41352962031685,0.0,10.58647037968315,42.3458815187326
491,BBB-BAB-ABA,0.000102996826171875,96.82905162207318,0.0,9.17094837792682,36.68379351170728
492,BBB-BAB-ABB,0.000377655029296875,93.08021145019352,0.0,12.919788549806484,51.679154199225934
493,BBB-BAB-BAA,0.000102996826171875,80.47754296048463,0.0,25.522457039515373,102.0898281580615
494,BBB-BAB-BAB,0.000102996826171875,86.36471306143858,0.0,19.63528693856142,78.54114775424569
495,BBB-BAB-BBA,0.0001373291015625,80.6262715596344,0.0,25.373728440365596,101.49491376146239
496,BBB-BAB-BBB,0.000102996826171875,82.01732560036076,0.0,23.982674399639237,95.93069759855695
497,BBB-BBA-AAA,0.0014190673828125,89.18122657718038,0.0,16.818773422819618,67.27509369127847
498,BBB-BBA-AAB,0.000274658203125,89.07384598335096,0.0,16.926154016649036,67.70461606659615
499,BBB-BBA-ABA,0.0001373291015625,90.39531463954917,0.0,15.60468536045083,62.41874144180332
500,BBB-BBA-ABB,0.0005035400390625,86.89556346783375,0.0,19.104436532166247,76.41774612866499
501,BBB-BBA-BAA,0.0001373291015625,75.13027025943192,0.0,30.869729740568076,123.4789189622723
502,BBB-BBA-BAB,0.0001373291015625,80.62627155963432,0.0,25.37372844036568,101.49491376146273
503,BBB-BBA-BBA,0.00018310546875,75.26911669333604,0.0,30.730883306663955,122.92353322665582
504,BBB-BBA-BBB,0.0001373291015625,76.56774314465008,0.0,29.43225685534992,117.72902742139968
505,BBB-BBB-AAA,0.001064300537109375,90.71988020939456,0.0,15.28011979060544,61.12047916242176
506,BBB-BBB-AAB,0.00020599365234375,90.61064696622327,0.0,15.389353033776729,61.557412135106915
507,BBB-BBB-ABA,0.000102996826171875,91.95491506828867,0.0,14.04508493171133,56.18033972684532
508,BBB-BBB-ABB,0.000377655029296875,88.39478229992022,0.0,17.605217700079777,70.42087080031911
509,BBB-BBB-BAA,0.000102996826171875,76.42650117776162,0.0,29.573498822238378,118.29399528895351
510,BBB-BBB-BAB,0.000102996826171875,82.01732560036066,0.0,23.982674399639336,95.93069759855734
511,BBB-BBB-BBA,0.0001373291015625,76.56774314465005,0.0,29.432256855349948,117.72902742139979
512,BBB-BBB-BBB,0.000102996826171875,77.888774942727,0.0,28.111225057273003,112.44490022909201
