etapa,k,historia,riqueza,x_SPY,x_LQD,x_GLD,f_SPY,f_LQD,f_GLD
1,1,raíz,100.0000000000019,84.22726062111103,0.0,15.772739378890876,0.8422726062110942,0.0,0.15772739378890574
2,1,AAA,106.97713682806607,74.62348005947653,0.0,32.35365676858953,0.6975647532931414,0.0,0.3024352467068586
2,2,AAB,105.26063166736576,77.87336388594935,0.0,27.387267781416412,0.7398147118481775,0.0,0.2601852881518225
2,3,ABA,108.24965630749136,85.1168177144495,0.0,23.132838593041864,0.786301043512496,0.0,0.21369895648750403
2,4,ABB,102.5443022421938,71.41723247957886,0.0,31.127069762614944,0.6964524690109295,0.0,0.3035475309890706
2,5,BAA,93.78153818254643,93.78153818254643,0.0,0.0,1.0,0.0,0.0
2,6,BAB,96.50622920333439,81.77692383280333,0.0,14.729305370531044,0.8473745633611168,0.0,0.15262543663888312
2,7,BBA,92.60501056311294,92.60501056311294,0.0,0.0,1.0,0.0,0.0
2,8,BBB,92.20096075690611,92.20096075690611,0.0,0.0,1.0,0.0,0.0
3,1,AAA-AAA,114.3669919248359,95.69490164659875,0.0,18.672090278237146,0.8367353205327915,0.0,0.1632646794672084
3,2,AAA-AAB,110.97253996591769,70.82356864827024,0.0,40.14897131764746,0.638208052821192,0.0,0.361791947178808
3,3,AAA-ABA,115.54685810949277,104.33984496208762,0.0,11.207013147405148,0.9030089322135845,0.0,0.0969910677864155
3,4,AAA-ABB,107.96703829848111,48.80209546130512,0.0,59.16494283717599,0.45200920790648075,0.0,0.5479907920935192
3,5,AAA-BAA,103.85377104168086,83.03867084560954,0.0,20.815100196071306,0.799572995883632,0.0,0.20042700411636796
3,6,AAA-BAB,102.96766095545205,90.4141640664998,0.0,12.55349688895225,0.8780831110227569,0.0,0.12191688897724304
3,7,AAA-BBA,101.27685017416545,101.27685017416545,0.0,0.0,1.0,0.0,0.0
3,8,AAA-BBB,98.91807347633979,98.91807347633979,0.0,0.0,1.0,0.0,0.0
3,9,AAB-AAA,112.55319624664588,82.40512266334167,0.0,30.148073583304217,0.7321437809972222,0.0,0.2678562190027779
3,10,AAB-AAB,109.66084905819073,61.2127384610311,0.0,48.44811059715963,0.5582004789015358,0.0,0.4417995210984642
3,11,AAB-ABA,113.76625502092196,91.29326987734069,0.0,22.472985143581276,0.802463523656919,0.0,0.19753647634308105
3,12,AAB-ABB,106.73220003236992,59.08021033656631,0.0,47.6519896958036,0.5535368925089932,0.0,0.4464631074910067
3,13,AAB-BAA,101.17357155452117,101.17357155452117,0.0,0.0,1.0,0.0,0.0
3,14,AAB-BAB,101.39361355101762,101.39361355101762,0.0,0.0,1.0,0.0,0.0
3,15,AAB-BBA,99.01672481502871,99.01672481502871,0.0,0.0,1.0,0.0,0.0
3,16,AAB-BBB,97.249255985106,97.249255985106,0.0,0.0,1.0,0.0,0.0
3,17,ABA-AAA,115.7733863019583,105.99962927382728,0.0,9.773757028131019,0.9155785509923735,0.0,0.08442144900762652
3,18,ABA-AAB,113.30541614080711,87.91667849093837,0.0,25.388737649868744,0.7759265310113895,0.0,0.22407346898861044
3,19,ABA-ABA,117.07987077403145,115.27948080557925,0.0,1.8003899684522005,0.9846225490637326,0.0,0.015377450936267438
3,20,ABA-ABB,110.32599666918345,66.08631096265141,0.0,44.23968570653204,0.5990094171622454,0.0,0.40099058283775457
3,21,ABA-BAA,102.89939870800765,90.98234148719773,0.0,11.917057220809925,0.8841872997273158,0.0,0.11581270027268427
3,22,ABA-BAB,104.3612265826164,78.81488989531675,0.0,25.546336687299643,0.7552123760535129,0.0,0.24478762394648718
3,23,ABA-BBA,101.10983870764892,101.10983870764892,0.0,0.0,1.0,0.0,0.0
3,24,ABA-BBB,99.91842732087285,99.91842732087285,0.0,0.0,1.0,0.0,0.0
3,25,ABB-AAA,109.62739646701277,60.96762951684607,0.0,48.6597669501667,0.5561349761251643,0.0,0.4438650238748357
3,26,ABB-AAB,106.36212058531298,62.16054820282951,0.0,44.20157238248347,0.5844237390224895,0.0,0.4155762609775105
3,27,ABB-ABA,110.75703545925538,69.24455547835318,0.0,41.51247998090219,0.6251932908029706,0.0,0.3748067091970293
3,28,ABB-ABB,103.48042432194374,86.14620369425555,0.0,17.334220627688193,0.8324879247329067,0.0,0.1675120752670933
3,29,ABB-BAA,99.57636114005979,99.57636114005979,0.0,0.0,1.0,0.0,0.0
3,30,ABB-BAB,98.6989642535751,98.6989642535751,0.0,0.0,1.0,0.0,0.0
3,31,ABB-BBA,97.09650754199444,97.09650754199444,0.0,0.0,1.0,0.0,0.0
3,32,ABB-BBB,94.82127743989678,94.82127743989678,0.0,0.0,1.0,0.0,0.0
3,33,BAA-AAA,100.39559545036467,100.39559545036467,0.0,0.0,1.0,0.0,0.0
3,34,BAA-AAB,100.27471195199757,100.27471195199757,0.0,0.0,1.0,0.0,0.0
3,35,BAA-ABA,101.76235276722215,100.4464868099399,0.0,1.3158659572822602,0.9870692262757303,0.0,0.0129307737242697
3,36,BAA-ABB,97.82251457147439,97.82251457147439,0.0,0.0,1.0,0.0,0.0
3,37,BAA-BAA,84.57775821814683,84.57775821814683,0.0,0.0,1.0,0.0,0.0
3,38,BAA-BAB,90.76487118246826,90.76487118246826,0.0,0.0,1.0,0.0,0.0
3,39,BAA-BBA,84.7340643258662,84.7340643258662,0.0,0.0,1.0,0.0,0.0
3,40,BAA-BBB,86.19599057257955,86.19599057257955,0.0,0.0,1.0,0.0,0.0
3,41,BAB-AAA,103.24195724556853,88.13107254128653,0.0,15.110884704282002,0.8536362046261903,0.0,0.1463637953738097
3,42,BAB-AAB,101.63498244083435,101.5066473853151,0.0,0.12833505551924265,0.9987372944586874,0.0,0.0012627055413125244
3,43,BAB-ABA,104.47578865135527,77.86133821535763,0.0,26.614450435997643,0.7452572430459237,0.0,0.25474275695407633
3,44,BAB-ABB,99.01672481501919,99.01672481501919,0.0,0.0,1.0,0.0,0.0
3,45,BAB-BAA,90.39278386903122,90.39278386903122,0.0,0.0,1.0,0.0,0.0
3,46,BAB-BAB,93.14317207172265,93.14317207172265,0.0,0.0,1.0,0.0,0.0
3,47,BAB-BBA,89.29929144935014,89.29929144935014,0.0,0.0,1.0,0.0,0.0
3,48,BAB-BBB,88.97063361850344,88.97063361850344,0.0,0.0,1.0,0.0,0.0
3,49,BBA-AAA,99.1360917867879,99.1360917867879,0.0,0.0,1.0,0.0,0.0
3,50,BBA-AAB,99.01672482117687,99.01672482117687,0.0,0.0,1.0,0.0,0.0
3,51,BBA-ABA,100.48570257605004,100.48570257605004,0.0,0.0,1.0,0.0,0.0
3,52,BBA-ABB,96.59529125624348,96.59529125624348,0.0,0.0,1.0,0.0,0.0
3,53,BBA-BAA,83.51669576958933,83.51669576958933,0.0,0.0,1.0,0.0,0.0
3,54,BBA-BAB,89.62618888006632,89.62618888006632,0.0,0.0,1.0,0.0,0.0
3,55,BBA-BBA,83.67104095348144,83.67104095348144,0.0,0.0,1.0,0.0,0.0
3,56,BBA-BBB,85.1146267395865,85.1146267395865,0.0,0.0,1.0,0.0,0.0
3,57,BBB-AAA,98.7035458755999,98.7035458755999,0.0,0.0,1.0,0.0,0.0
3,58,BBB-AAB,98.5846997262936,98.5846997262936,0.0,0.0,1.0,0.0,0.0
3,59,BBB-ABA,100.04726810684022,100.04726810684022,0.0,0.0,1.0,0.0,0.0
3,60,BBB-ABB,96.17383124586988,96.17383124586988,0.0,0.0,1.0,0.0,0.0
3,61,BBB-BAA,83.15229966903772,83.15229966903772,0.0,0.0,1.0,0.0,0.0
3,62,BBB-BAB,89.23513612786812,89.23513612786812,0.0,0.0,1.0,0.0,0.0
3,63,BBB-BBA,83.30597142131683,83.30597142131683,0.0,0.0,1.0,0.0,0.0
3,64,BBB-BBB,84.7432586221338,84.7432586221338,0.0,0.0,1.0,0.0,0.0
