trimestre,fecha_cierre,SPY,LQD,GLD
2009Q4,2009-12-31,82.9619369506836,56.205440521240234,107.30999755859375
2010Q1,2010-03-31,87.4598159790039,57.56816482543945,108.94999694824219
2010Q2,2010-06-30,77.52608489990234,59.797210693359375,121.68000030517578
2010Q3,2010-09-30,86.17923736572266,63.089561462402344,127.91000366210938
2010Q4,2010-12-31,95.45284271240234,61.44181442260742,138.72000122070312
2011Q1,2011-03-31,101.08208465576172,61.79249572753906,139.86000061035156
2011Q2,2011-06-30,101.10823059082031,63.63276672363281,146.0
2011Q3,2011-09-30,87.13783264160156,65.63062286376953,158.05999755859375
2011Q4,2011-12-30,97.26163482666016,67.42662811279297,151.99000549316406
2012Q1,2012-03-30,109.60502624511719,69.00271606445312,162.1199951171875
2012Q2,2012-06-29,106.48773956298828,70.89002990722656,155.19000244140625
2012Q3,2012-09-28,113.24674987792969,74.12626647949219,171.88999938964844
2012Q4,2012-12-31,112.81414031982422,74.3340835571289,162.02000427246094
2013Q1,2013-03-28,124.66260528564453,74.12434387207031,154.4499969482422
2013Q2,2013-06-28,128.3218994140625,70.90353393554688,119.11000061035156
2013Q3,2013-09-30,135.04832458496094,71.49861145019531,128.17999267578125
2013Q4,2013-12-31,149.26187133789062,72.84619140625,116.12000274658203
2014Q1,2014-03-31,151.80389404296875,75.04566955566406,123.61000061035156
2014Q2,2014-06-30,159.63543701171875,77.19999694824219,128.0399932861328
2014Q3,2014-09-30,161.4469451904297,77.17552185058594,116.20999908447266
2014Q4,2014-12-31,169.35816955566406,78.82681274414062,113.58000183105469
2015Q1,2015-03-31,170.8506622314453,80.77983093261719,113.66000366210938
2015Q2,2015-06-30,171.19940185546875,77.44029235839844,112.37000274658203
2015Q3,2015-09-30,160.20159912109375,78.35983276367188,106.86000061035156
2015Q4,2015-12-31,171.4485321044922,77.83712768554688,101.45999908447266
2016Q1,2016-03-31,173.72755432128906,81.59891510009766,117.63999938964844
2016Q2,2016-06-30,177.995849609375,84.99384307861328,126.47000122070312
2016Q3,2016-09-30,184.71917724609375,85.97465515136719,125.63999938964844
2016Q4,2016-12-30,192.01870727539062,82.66670989990234,109.61000061035156
2017Q1,2017-03-31,203.38848876953125,83.63274383544922,118.72000122070312
2017Q2,2017-06-30,209.6342010498047,86.16703033447266,118.0199966430664
2017Q3,2017-09-29,218.8906707763672,87.371337890625,121.58000183105469
2017Q4,2017-12-29,233.6971893310547,88.49887084960938,123.6500015258789
2018Q1,2018-03-29,231.37120056152344,85.9343032836914,125.79000091552734
2018Q2,2018-06-29,239.5904541015625,84.61529541015625,118.6500015258789
2018Q3,2018-09-28,257.9218444824219,85.64871978759766,112.76000213623047
2018Q4,2018-12-31,223.01956176757812,85.14720916748047,121.25
2019Q1,2019-03-29,253.1852569580078,90.40840911865234,122.01000213623047
2019Q2,2019-06-28,263.8915710449219,95.29852294921875,133.1999969482422
2019Q3,2019-09-30,268.5213928222656,98.5030517578125,138.8699951171875
2019Q4,2019-12-31,292.65484619140625,99.93577575683594,142.89999389648438
2020Q1,2020-03-31,235.7402801513672,96.96500396728516,148.0500030517578
2020Q2,2020-06-30,283.26971435546875,106.38109588623047,167.3699951171875
2020Q3,2020-09-30,308.8725280761719,107.25482940673828,177.1199951171875
2020Q4,2020-12-31,346.3032531738281,110.8988037109375,178.36000061035156
2021Q1,2021-03-31,368.2997131347656,104.83087158203125,159.9600067138672
2021Q2,2021-06-30,399.0870056152344,108.94097900390625,165.6300048828125
2021Q3,2021-09-30,401.3756408691406,108.44709777832031,164.22000122070312
2021Q4,2021-12-31,445.7919006347656,108.8564224243164,170.9600067138672
2022Q1,2022-03-31,425.2209167480469,99.73736572265625,180.64999389648438
2022Q2,2022-06-30,356.716796875,91.35606384277344,168.4600067138672
2022Q3,2022-09-30,339.1264953613281,85.7371826171875,154.6699981689453
2022Q4,2022-12-30,364.76763916015625,89.34752655029297,169.63999938964844
2023Q1,2023-03-31,391.9727478027344,93.5057373046875,183.22000122070312
2023Q2,2023-06-30,425.9974670410156,93.15505981445312,178.27000427246094
2023Q3,2023-09-29,412.2625427246094,88.78483581542969,171.4499969482422
2023Q4,2023-12-29,460.24847412109375,97.75023651123047,191.1699981689453
2024Q1,2024-03-28,508.0687561035156,96.90789794921875,205.72000122070312
2024Q2,2024-06-28,530.3175048828125,96.41236114501953,215.00999450683594
2024Q3,2024-09-30,560.8177490234375,102.78551483154297,243.05999755859375
2024Q4,2024-12-31,574.7880249023438,98.5892562866211,242.1300048828125
2025Q1,2025-03-31,550.2625732421875,101.0433578491211,288.1400146484375
2025Q2,2025-06-30,609.5653686523438,103.08072662353516,304.8299865722656
2025Q3,2025-09-30,659.0695190429688,106.01648712158203,355.4700012207031
2025Q4,2025-12-31,676.635009765625,106.37332916259766,396.30999755859375
